{
  "content": [
    {
      "path": "effects/LIGHT_A32NX_EmissiveAccent.fx",
      "size": 1178,
      "date": 132825964956325042
    },
    {
      "path": "effects/LIGHT_A32NX_EmissiveAmbientL.fx",
      "size": 1175,
      "date": 132825968583245988
    },
    {
      "path": "effects/LIGHT_A32NX_EmissiveAmbientS.fx",
      "size": 1183,
      "date": 132825968650008400
    },
    {
      "path": "effects/LIGHT_A32NX_EmissiveHardM.fx",
      "size": 1179,
      "date": 132825968728677286
    },
    {
      "path": "effects/LIGHT_A32NX_EmissiveM.fx",
      "size": 1182,
      "date": 132825968795212374
    },
    {
      "path": "effects/LIGHT_A32NX_EmissiveS.fx",
      "size": 1182,
      "date": 132825968869534435
    }
  ]
}