{
  "content": [
    {
      "path": "effects/NL_A339_BeaconBelly.fx",
      "size": 4663,
      "date": 133439481390517843
    },
    {
      "path": "effects/NL_A339_BeaconTop.fx",
      "size": 4677,
      "date": 133439481390577842
    },
    {
      "path": "effects/NL_A339_BeaconTopdown.fx",
      "size": 1254,
      "date": 133439481390667843
    },
    {
      "path": "effects/NL_A339_LandingLarge\u002B.fx",
      "size": 1317,
      "date": 133303001682052638
    },
    {
      "path": "effects/NL_A339_LandingLarge.fx",
      "size": 4885,
      "date": 133439481390749658
    },
    {
      "path": "effects/NL_A339_LogoLightLarge.fx",
      "size": 3703,
      "date": 133439481390807194
    },
    {
      "path": "effects/NL_A339_NavigationGreen.fx",
      "size": 3535,
      "date": 133439481390897172
    },
    {
      "path": "effects/NL_A339_NavigationRed.fx",
      "size": 3514,
      "date": 133439481390947198
    },
    {
      "path": "effects/NL_A339_NavigationWhite.fx",
      "size": 3889,
      "date": 133439481391000188
    },
    {
      "path": "effects/NL_A339_StrobeDouble.fx",
      "size": 7351,
      "date": 133439481391070291
    },
    {
      "path": "effects/NL_A339_StrobeSimple.fx",
      "size": 3540,
      "date": 133439481391170170
    },
    {
      "path": "effects/NL_A339_TakeOff\u002B.fx",
      "size": 1317,
      "date": 133303001682062636
    },
    {
      "path": "effects/NL_A339_TakeOff.fx",
      "size": 4885,
      "date": 133439481391254244
    },
    {
      "path": "effects/NL_A339_TaxiLarge.fx",
      "size": 4882,
      "date": 133439481391304243
    },
    {
      "path": "effects/NL_A339_WingLarge.FX",
      "size": 3914,
      "date": 133439481391364236
    },
    {
      "path": "effects/texture/BeaconDown.dds",
      "size": 1048704,
      "date": 133303001682092620
    },
    {
      "path": "effects/texture/BeaconDown.DDS.json",
      "size": 119,
      "date": 133303001682072639
    },
    {
      "path": "effects/texture/LIGHT.dds",
      "size": 1048704,
      "date": 133303001682142633
    },
    {
      "path": "effects/texture/LIGHT.DDS.json",
      "size": 119,
      "date": 133303001682092620
    },
    {
      "path": "effects/texture/LIGHTLanding-L.dds",
      "size": 1048704,
      "date": 133303001682179532
    },
    {
      "path": "effects/texture/LIGHTLANDING-L.DDS.json",
      "size": 102,
      "date": 133303001682142633
    },
    {
      "path": "effects/texture/LIGHTtaxy-L.dds",
      "size": 1048704,
      "date": 133303001682239634
    },
    {
      "path": "effects/texture/LIGHTTAXY-L.DDS.json",
      "size": 102,
      "date": 133303001682179532
    },
    {
      "path": "effects/texture/LIGHTWing.dds",
      "size": 1048704,
      "date": 133303001682219632
    },
    {
      "path": "effects/texture/LIGHTWING.DDS.json",
      "size": 119,
      "date": 133303001682179532
    },
    {
      "path": "effects/texture/TX-ALLO.dds",
      "size": 1048704,
      "date": 133303001682279637
    },
    {
      "path": "effects/texture/TX-ALLO.DDS.json",
      "size": 119,
      "date": 133303001682249648
    },
    {
      "path": "effects/texture/TX-STROBE.dds",
      "size": 1048704,
      "date": 133303001682309633
    },
    {
      "path": "effects/texture/TX-STROBE.DDS.json",
      "size": 119,
      "date": 133303001682279637
    },
    {
      "path": "SimObjects/Airplanes/Headwind_A330neo/systems.cfg",
      "size": 45305,
      "date": 133443423181877412
    },
    {
      "path": "SimObjects/Airplanes/Headwind_ACJ330_900/systems.cfg",
      "size": 45305,
      "date": 133443423497522011
    }
  ]
}