{
  "content": [
    {
      "path": "SimObjects/Airplanes/Asobo_Cabri_G2/systems.cfg",
      "size": 6497,
      "date": 133126627722847544
    },
    {
      "path": "SimObjects/Airplanes/Asobo_Cabri_G2/effects/LIGHT_ASOBO_CockpitSpot.fx",
      "size": 1356,
      "date": 133126627717814343
    },
    {
      "path": "SimObjects/Airplanes/Asobo_Cabri_G2/effects/LIGHT_ASOBO_CockpitSpotNarrow.fx",
      "size": 1351,
      "date": 133126627717814343
    },
    {
      "path": "SimObjects/Airplanes/Asobo_Cabri_G2/effects/LIGHT_ASOBO_Landing.fx",
      "size": 4641,
      "date": 133055659068292102
    },
    {
      "path": "SimObjects/Airplanes/Asobo_Cabri_G2/effects/LIGHT_ASOBO_NavigationGreen.fx",
      "size": 3493,
      "date": 133121156837018881
    },
    {
      "path": "SimObjects/Airplanes/Asobo_Cabri_G2/effects/LIGHT_ASOBO_NavigationRed.fx",
      "size": 3470,
      "date": 133121157941495790
    },
    {
      "path": "SimObjects/Airplanes/Asobo_Cabri_G2/effects/LIGHT_ASOBO_NavigationWhite.fx",
      "size": 3480,
      "date": 133121167280071119
    },
    {
      "path": "SimObjects/Airplanes/Asobo_Cabri_G2/effects/LIGHT_ASOBO_StrobeSimple.fx",
      "size": 4635,
      "date": 133127623856827908
    }
  ]
}