{
  "content": [
    {
      "path": "SimObjects/AirPlanes/FlyByWire_A320_NEO/systems.cfg",
      "size": 46786,
      "date": 133303001382593900
    },
    {
      "path": "SimObjects/AirPlanes/FlyByWire_A320_NEO/effects/NL_A20N_BeaconBelly.fx",
      "size": 4655,
      "date": 133303001382273669
    },
    {
      "path": "SimObjects/AirPlanes/FlyByWire_A320_NEO/effects/NL_A20N_BeaconTop.fx",
      "size": 4669,
      "date": 133303001382273669
    },
    {
      "path": "SimObjects/AirPlanes/FlyByWire_A320_NEO/effects/NL_A20N_BeaconTopdown.fx",
      "size": 1252,
      "date": 133303001382273669
    },
    {
      "path": "SimObjects/AirPlanes/FlyByWire_A320_NEO/effects/NL_A20N_LandingLarge\u002B.fx",
      "size": 1317,
      "date": 133303001382283666
    },
    {
      "path": "SimObjects/AirPlanes/FlyByWire_A320_NEO/effects/NL_A20N_LandingLarge.fx",
      "size": 4883,
      "date": 133303001382283666
    },
    {
      "path": "SimObjects/AirPlanes/FlyByWire_A320_NEO/effects/NL_A20N_LogoLightLarge.fx",
      "size": 3697,
      "date": 133303001382317030
    },
    {
      "path": "SimObjects/AirPlanes/FlyByWire_A320_NEO/effects/NL_A20N_NavigationGreen.fx",
      "size": 3529,
      "date": 133303001382317030
    },
    {
      "path": "SimObjects/AirPlanes/FlyByWire_A320_NEO/effects/NL_A20N_NavigationRed.fx",
      "size": 3508,
      "date": 133303001382317030
    },
    {
      "path": "SimObjects/AirPlanes/FlyByWire_A320_NEO/effects/NL_A20N_NavigationWhite.fx",
      "size": 3883,
      "date": 133303001382317030
    },
    {
      "path": "SimObjects/AirPlanes/FlyByWire_A320_NEO/effects/NL_A20N_StrobeDouble.fx",
      "size": 7339,
      "date": 133303001382317030
    },
    {
      "path": "SimObjects/AirPlanes/FlyByWire_A320_NEO/effects/NL_A20N_StrobeSimple.fx",
      "size": 3534,
      "date": 133303001382317030
    },
    {
      "path": "SimObjects/AirPlanes/FlyByWire_A320_NEO/effects/NL_A20N_TakeOff\u002B.fx",
      "size": 1317,
      "date": 133303001382327161
    },
    {
      "path": "SimObjects/AirPlanes/FlyByWire_A320_NEO/effects/NL_A20N_TakeOff.fx",
      "size": 4883,
      "date": 133303001382328293
    },
    {
      "path": "SimObjects/AirPlanes/FlyByWire_A320_NEO/effects/NL_A20N_TaxiLarge.fx",
      "size": 4874,
      "date": 133303001382328293
    },
    {
      "path": "SimObjects/AirPlanes/FlyByWire_A320_NEO/effects/NL_A20N_WingLarge.FX",
      "size": 3908,
      "date": 133303001382328293
    },
    {
      "path": "SimObjects/AirPlanes/FlyByWire_A320_NEO/effects/texture/BeaconDown.dds",
      "size": 1048704,
      "date": 133303001382354133
    },
    {
      "path": "SimObjects/AirPlanes/FlyByWire_A320_NEO/effects/texture/BeaconDown.DDS.json",
      "size": 119,
      "date": 133303001382328293
    },
    {
      "path": "SimObjects/AirPlanes/FlyByWire_A320_NEO/effects/texture/LIGHT.dds",
      "size": 1048704,
      "date": 133303001382404173
    },
    {
      "path": "SimObjects/AirPlanes/FlyByWire_A320_NEO/effects/texture/LIGHT.DDS.json",
      "size": 119,
      "date": 133303001382354133
    },
    {
      "path": "SimObjects/AirPlanes/FlyByWire_A320_NEO/effects/texture/LIGHTLanding-L.dds",
      "size": 1048704,
      "date": 133303001382459266
    },
    {
      "path": "SimObjects/AirPlanes/FlyByWire_A320_NEO/effects/texture/LIGHTLANDING-L.DDS.json",
      "size": 102,
      "date": 133303001382404173
    },
    {
      "path": "SimObjects/AirPlanes/FlyByWire_A320_NEO/effects/texture/LIGHTtaxy-L.dds",
      "size": 1048704,
      "date": 133303001382523893
    },
    {
      "path": "SimObjects/AirPlanes/FlyByWire_A320_NEO/effects/texture/LIGHTTAXY-L.DDS.json",
      "size": 102,
      "date": 133303001382459266
    },
    {
      "path": "SimObjects/AirPlanes/FlyByWire_A320_NEO/effects/texture/LIGHTWing.dds",
      "size": 1048704,
      "date": 133303001382503921
    },
    {
      "path": "SimObjects/AirPlanes/FlyByWire_A320_NEO/effects/texture/LIGHTWING.DDS.json",
      "size": 119,
      "date": 133303001382459266
    },
    {
      "path": "SimObjects/AirPlanes/FlyByWire_A320_NEO/effects/texture/TX-ALLO.dds",
      "size": 1048704,
      "date": 133303001382563932
    },
    {
      "path": "SimObjects/AirPlanes/FlyByWire_A320_NEO/effects/texture/TX-ALLO.DDS.json",
      "size": 119,
      "date": 133303001382523893
    },
    {
      "path": "SimObjects/AirPlanes/FlyByWire_A320_NEO/effects/texture/TX-STROBE.dds",
      "size": 1048704,
      "date": 133303001382593900
    },
    {
      "path": "SimObjects/AirPlanes/FlyByWire_A320_NEO/effects/texture/TX-STROBE.DDS.json",
      "size": 119,
      "date": 133303001382563932
    }
  ]
}