{
  "content": [
    {
      "path": "effects/NL_A20N_BeaconBelly.fx",
      "size": 4655,
      "date": 133193757979804036
    },
    {
      "path": "effects/NL_A20N_BeaconTop.fx",
      "size": 4669,
      "date": 133193757979910642
    },
    {
      "path": "effects/NL_A20N_BeaconTopdown.fx",
      "size": 1252,
      "date": 133193757979940652
    },
    {
      "path": "effects/NL_A20N_LandingLarge\u002B.fx",
      "size": 1317,
      "date": 133193757980000644
    },
    {
      "path": "effects/NL_A20N_LandingLarge.fx",
      "size": 4883,
      "date": 133256128494004208
    },
    {
      "path": "effects/NL_A20N_LogoLightLarge.fx",
      "size": 3697,
      "date": 133193757980111404
    },
    {
      "path": "effects/NL_A20N_NavigationGreen.fx",
      "size": 3529,
      "date": 133193757980141412
    },
    {
      "path": "effects/NL_A20N_NavigationRed.fx",
      "size": 3508,
      "date": 133193757980211415
    },
    {
      "path": "effects/NL_A20N_NavigationWhite.fx",
      "size": 3883,
      "date": 133193757980278903
    },
    {
      "path": "effects/NL_A20N_StrobeDouble.fx",
      "size": 7339,
      "date": 133193757980338924
    },
    {
      "path": "effects/NL_A20N_StrobeSimple.fx",
      "size": 3534,
      "date": 133193757980388942
    },
    {
      "path": "effects/NL_A20N_TakeOff\u002B.fx",
      "size": 1317,
      "date": 133193757980446686
    },
    {
      "path": "effects/NL_A20N_TakeOff.fx",
      "size": 4883,
      "date": 133256128712588868
    },
    {
      "path": "effects/NL_A20N_TaxiLarge.fx",
      "size": 4874,
      "date": 133256129047455445
    },
    {
      "path": "effects/NL_A20N_WingLarge.FX",
      "size": 3908,
      "date": 133193757980629030
    },
    {
      "path": "effects/texture/BeaconDown.dds",
      "size": 1048704,
      "date": 133029571896922694
    },
    {
      "path": "effects/texture/BeaconDown.DDS.json",
      "size": 119,
      "date": 132710849880000000
    },
    {
      "path": "effects/texture/LIGHT.dds",
      "size": 1048704,
      "date": 133033189028925542
    },
    {
      "path": "effects/texture/LIGHT.DDS.json",
      "size": 119,
      "date": 133021146506178945
    },
    {
      "path": "effects/texture/LIGHTLanding-L.dds",
      "size": 1048704,
      "date": 133152396447597969
    },
    {
      "path": "effects/texture/LIGHTLANDING-L.DDS.json",
      "size": 102,
      "date": 132748322040000000
    },
    {
      "path": "effects/texture/LIGHTtaxy-L.dds",
      "size": 1048704,
      "date": 133152396288768993
    },
    {
      "path": "effects/texture/LIGHTTAXY-L.DDS.json",
      "size": 102,
      "date": 132748322040000000
    },
    {
      "path": "effects/texture/LIGHTWing.dds",
      "size": 1048704,
      "date": 133030717693037940
    },
    {
      "path": "effects/texture/LIGHTWING.DDS.json",
      "size": 119,
      "date": 132939721389441957
    },
    {
      "path": "effects/texture/TX-ALLO.dds",
      "size": 1048704,
      "date": 133121132565052800
    },
    {
      "path": "effects/texture/TX-ALLO.DDS.json",
      "size": 119,
      "date": 132622815780000000
    },
    {
      "path": "effects/texture/TX-STROBE.dds",
      "size": 1048704,
      "date": 133029572251145760
    },
    {
      "path": "effects/texture/TX-STROBE.DDS.json",
      "size": 119,
      "date": 133029956663251605
    },
    {
      "path": "SimObjects/AirPlanes/FlyByWire_A320_NEO/systems.cfg",
      "size": 46218,
      "date": 133261963734182861
    }
  ]
}