{
  "content": [
    {
      "path": "effects/NL_A339_BeaconBelly.fx",
      "size": 4655,
      "date": 133303001682052638
    },
    {
      "path": "effects/NL_A339_BeaconTop.fx",
      "size": 4669,
      "date": 133303001682052638
    },
    {
      "path": "effects/NL_A339_BeaconTopdown.fx",
      "size": 1252,
      "date": 133303001682052638
    },
    {
      "path": "effects/NL_A339_LandingLarge\u002B.fx",
      "size": 1317,
      "date": 133303001682052638
    },
    {
      "path": "effects/NL_A339_LandingLarge.fx",
      "size": 4883,
      "date": 133303001682052638
    },
    {
      "path": "effects/NL_A339_LogoLightLarge.fx",
      "size": 3697,
      "date": 133303001682052638
    },
    {
      "path": "effects/NL_A339_NavigationGreen.fx",
      "size": 3529,
      "date": 133303001682062636
    },
    {
      "path": "effects/NL_A339_NavigationRed.fx",
      "size": 3508,
      "date": 133303001682062636
    },
    {
      "path": "effects/NL_A339_NavigationWhite.fx",
      "size": 3883,
      "date": 133303001682062636
    },
    {
      "path": "effects/NL_A339_StrobeDouble.fx",
      "size": 7339,
      "date": 133303001682062636
    },
    {
      "path": "effects/NL_A339_StrobeSimple.fx",
      "size": 3534,
      "date": 133303001682062636
    },
    {
      "path": "effects/NL_A339_TakeOff\u002B.fx",
      "size": 1317,
      "date": 133303001682062636
    },
    {
      "path": "effects/NL_A339_TakeOff.fx",
      "size": 4883,
      "date": 133303001682062636
    },
    {
      "path": "effects/NL_A339_TaxiLarge.fx",
      "size": 4874,
      "date": 133303001682072639
    },
    {
      "path": "effects/NL_A339_WingLarge.FX",
      "size": 3908,
      "date": 133303001682072639
    },
    {
      "path": "effects/texture/BeaconDown.dds",
      "size": 1048704,
      "date": 133303001682092620
    },
    {
      "path": "effects/texture/BeaconDown.DDS.json",
      "size": 119,
      "date": 133303001682072639
    },
    {
      "path": "effects/texture/LIGHT.dds",
      "size": 1048704,
      "date": 133303001682142633
    },
    {
      "path": "effects/texture/LIGHT.DDS.json",
      "size": 119,
      "date": 133303001682092620
    },
    {
      "path": "effects/texture/LIGHTLanding-L.dds",
      "size": 1048704,
      "date": 133303001682179532
    },
    {
      "path": "effects/texture/LIGHTLANDING-L.DDS.json",
      "size": 102,
      "date": 133303001682142633
    },
    {
      "path": "effects/texture/LIGHTtaxy-L.dds",
      "size": 1048704,
      "date": 133303001682239634
    },
    {
      "path": "effects/texture/LIGHTTAXY-L.DDS.json",
      "size": 102,
      "date": 133303001682179532
    },
    {
      "path": "effects/texture/LIGHTWing.dds",
      "size": 1048704,
      "date": 133303001682219632
    },
    {
      "path": "effects/texture/LIGHTWING.DDS.json",
      "size": 119,
      "date": 133303001682179532
    },
    {
      "path": "effects/texture/TX-ALLO.dds",
      "size": 1048704,
      "date": 133303001682279637
    },
    {
      "path": "effects/texture/TX-ALLO.DDS.json",
      "size": 119,
      "date": 133303001682249648
    },
    {
      "path": "effects/texture/TX-STROBE.dds",
      "size": 1048704,
      "date": 133303001682309633
    },
    {
      "path": "effects/texture/TX-STROBE.DDS.json",
      "size": 119,
      "date": 133303001682279637
    },
    {
      "path": "SimObjects/Airplanes/Headwind_A330neo/systems.cfg",
      "size": 45028,
      "date": 133303001682042635
    },
    {
      "path": "SimObjects/Airplanes/Headwind_ACJ330_900/systems.cfg",
      "size": 45028,
      "date": 133303001682042635
    }
  ]
}