{
  "content": [
    {
      "path": "SimObjects/Airplanes/Microsoft_ATR_42_600/effects/LIGHT_ASOBO_LandingLarge.fx",
      "size": 4899,
      "date": 133303001088390580
    },
    {
      "path": "SimObjects/Airplanes/Microsoft_ATR_42_600/effects/LIGHT_ASOBO_LogoLight.fx",
      "size": 3690,
      "date": 133303001088390580
    },
    {
      "path": "SimObjects/Airplanes/Microsoft_ATR_42_600/effects/LIGHT_ASOBO_NavigationGreen.fx",
      "size": 3537,
      "date": 133303001088390580
    },
    {
      "path": "SimObjects/Airplanes/Microsoft_ATR_42_600/effects/LIGHT_ASOBO_NavigationRed.fx",
      "size": 3514,
      "date": 133303001088390580
    },
    {
      "path": "SimObjects/Airplanes/Microsoft_ATR_42_600/effects/LIGHT_ASOBO_NavigationWhite.fx",
      "size": 3524,
      "date": 133303001088400546
    },
    {
      "path": "SimObjects/Airplanes/Microsoft_ATR_42_600/effects/LIGHT_ASOBO_StrobeSimple.fx",
      "size": 3539,
      "date": 133303001088400546
    },
    {
      "path": "SimObjects/Airplanes/Microsoft_ATR_42_600/effects/LIGHT_ASOBO_TaxiLarge.fx",
      "size": 4886,
      "date": 133303001088400546
    },
    {
      "path": "SimObjects/Airplanes/Microsoft_ATR_42_600/effects/LIGHT_ASOBO_WingLarge.FX",
      "size": 3908,
      "date": 133303001088400546
    },
    {
      "path": "SimObjects/Airplanes/Microsoft_ATR_42_600/effects/LIGHT_MSATR_BeaconBelly.fx",
      "size": 3548,
      "date": 133303001088400546
    },
    {
      "path": "SimObjects/Airplanes/Microsoft_ATR_42_600/effects/LIGHT_MSATR_BeaconTop.fx",
      "size": 3554,
      "date": 133303001088400546
    },
    {
      "path": "SimObjects/Airplanes/Microsoft_ATR_42_600/effects/texture/LIGHT.dds",
      "size": 1048704,
      "date": 133303001088450557
    },
    {
      "path": "SimObjects/Airplanes/Microsoft_ATR_42_600/effects/texture/LIGHT.DDS.json",
      "size": 119,
      "date": 133303001088400546
    },
    {
      "path": "SimObjects/Airplanes/Microsoft_ATR_42_600/effects/texture/LIGHTLanding-L.dds",
      "size": 1048704,
      "date": 133303001088500584
    },
    {
      "path": "SimObjects/Airplanes/Microsoft_ATR_42_600/effects/texture/LIGHTLANDING-L.DDS.json",
      "size": 119,
      "date": 133303001088450557
    },
    {
      "path": "SimObjects/Airplanes/Microsoft_ATR_42_600/effects/texture/LIGHTtaxy-L.dds",
      "size": 1048704,
      "date": 133303001088520564
    },
    {
      "path": "SimObjects/Airplanes/Microsoft_ATR_42_600/effects/texture/LIGHTTAXY-L.DDS.json",
      "size": 119,
      "date": 133303001088500584
    },
    {
      "path": "SimObjects/Airplanes/Microsoft_ATR_42_600/effects/texture/TX-STROBE.dds",
      "size": 1048704,
      "date": 133303001088550528
    },
    {
      "path": "SimObjects/Airplanes/Microsoft_ATR_42_600/effects/texture/TX-STROBE.DDS.json",
      "size": 119,
      "date": 133303001088520564
    }
  ]
}