{
  "content": [
    {
      "path": "de-DE.locPak",
      "size": 1793,
      "date": 132892567426468357
    },
    {
      "path": "en-US.locPak",
      "size": 1468,
      "date": 132892567494243268
    },
    {
      "path": "es-ES.locPak",
      "size": 1569,
      "date": 132892567567352270
    },
    {
      "path": "fi-FI.locPak",
      "size": 1561,
      "date": 132892567620098771
    },
    {
      "path": "fr-FR.locPak",
      "size": 1620,
      "date": 132892567240111982
    },
    {
      "path": "it-IT.locPak",
      "size": 1773,
      "date": 132892567687416954
    },
    {
      "path": "ja-JP.locPak",
      "size": 1928,
      "date": 132892568421387322
    },
    {
      "path": "nb-NO.locPak",
      "size": 1599,
      "date": 132892567932347212
    },
    {
      "path": "nl-NL.locPak",
      "size": 1646,
      "date": 132892567975532526
    },
    {
      "path": "pl-PL.locPak",
      "size": 1752,
      "date": 132892568024350791
    },
    {
      "path": "pt-BR.locPak",
      "size": 1605,
      "date": 132892568068163929
    },
    {
      "path": "ru-RU.locPak",
      "size": 2503,
      "date": 132892568114967050
    },
    {
      "path": "sv-SE.locPak",
      "size": 1581,
      "date": 132892568179967701
    },
    {
      "path": "SimObjects/Airplanes/Asobo_Savage_Cub old/ai.cfg",
      "size": 750,
      "date": 132817440036156908
    },
    {
      "path": "SimObjects/Airplanes/Asobo_Savage_Cub old/aircraft.cfg",
      "size": 3221,
      "date": 132892571694615598
    },
    {
      "path": "SimObjects/Airplanes/Asobo_Savage_Cub old/aircraft.loc",
      "size": 22771,
      "date": 132817440036166921
    },
    {
      "path": "SimObjects/Airplanes/Asobo_Savage_Cub old/Approach.flt",
      "size": 2953,
      "date": 132817440036176935
    },
    {
      "path": "SimObjects/Airplanes/Asobo_Savage_Cub old/apron.FLT",
      "size": 1747,
      "date": 132817440036176935
    },
    {
      "path": "SimObjects/Airplanes/Asobo_Savage_Cub old/cameras.cfg",
      "size": 17875,
      "date": 132817440036176935
    },
    {
      "path": "SimObjects/Airplanes/Asobo_Savage_Cub old/climb.FLT",
      "size": 1709,
      "date": 132817440036186938
    },
    {
      "path": "SimObjects/Airplanes/Asobo_Savage_Cub old/cockpit.cfg",
      "size": 4801,
      "date": 132817440036196958
    },
    {
      "path": "SimObjects/Airplanes/Asobo_Savage_Cub old/Cruise.flt",
      "size": 2953,
      "date": 132817440036196958
    },
    {
      "path": "SimObjects/Airplanes/Asobo_Savage_Cub old/engines.cfg",
      "size": 10625,
      "date": 132817440036206958
    },
    {
      "path": "SimObjects/Airplanes/Asobo_Savage_Cub old/final.FLT",
      "size": 1659,
      "date": 132817440036206958
    },
    {
      "path": "SimObjects/Airplanes/Asobo_Savage_Cub old/flight_model.cfg",
      "size": 15237,
      "date": 132817440036206958
    },
    {
      "path": "SimObjects/Airplanes/Asobo_Savage_Cub old/gameplay.cfg",
      "size": 1275,
      "date": 132817440036216968
    },
    {
      "path": "SimObjects/Airplanes/Asobo_Savage_Cub old/hangar.flt",
      "size": 1556,
      "date": 132817440036216968
    },
    {
      "path": "SimObjects/Airplanes/Asobo_Savage_Cub old/Notice.txt",
      "size": 168,
      "date": 132817440037388038
    },
    {
      "path": "SimObjects/Airplanes/Asobo_Savage_Cub old/runway.FLT",
      "size": 1802,
      "date": 132817440037398035
    },
    {
      "path": "SimObjects/Airplanes/Asobo_Savage_Cub old/systems.cfg",
      "size": 6848,
      "date": 132817440039730164
    },
    {
      "path": "SimObjects/Airplanes/Asobo_Savage_Cub old/target_performance.cfg",
      "size": 1639,
      "date": 132817440039730164
    },
    {
      "path": "SimObjects/Airplanes/Asobo_Savage_Cub old/taxi.FLT",
      "size": 1849,
      "date": 132817440039740177
    },
    {
      "path": "SimObjects/Airplanes/Asobo_Savage_Cub old/Checklist/Library.xml",
      "size": 2926,
      "date": 132817440036186938
    },
    {
      "path": "SimObjects/Airplanes/Asobo_Savage_Cub old/Checklist/Savage_Cub_Checklist.xml",
      "size": 4347,
      "date": 132817440036186938
    },
    {
      "path": "SimObjects/Airplanes/Asobo_Savage_Cub old/TEXTURE/texture.CFG",
      "size": 365,
      "date": 132892570715321592
    },
    {
      "path": "SimObjects/Airplanes/Asobo_Savage_Cub old/TEXTURE/thumbnail.JPG",
      "size": 321315,
      "date": 132892572951039520
    },
    {
      "path": "SimObjects/Airplanes/Asobo_Savage_Cub old/TEXTURE/thumbnail_small.JPG",
      "size": 82718,
      "date": 132892573324531332
    }
  ]
}