{
  "content": [
    {
      "path": "SimObjects/Airplanes/Asobo_A320_NEO/model.AirTraffic/model.CFG",
      "size": 276,
      "date": 132916491601022672
    },
    {
      "path": "SimObjects/Airplanes/Asobo_A320_NEO/model.AirTraffic01/model.CFG",
      "size": 276,
      "date": 132916491601022672
    },
    {
      "path": "SimObjects/Airplanes/Asobo_A320_NEO/model.AirTraffic02/model.CFG",
      "size": 276,
      "date": 132916491601022672
    },
    {
      "path": "SimObjects/Airplanes/Asobo_A320_NEO/TEXTURE.AIRTRAFFIC/texture.CFG",
      "size": 295,
      "date": 132817442163472107
    },
    {
      "path": "SimObjects/Airplanes/Asobo_A320_NEO/TEXTURE.AIRTRAFFIC01/texture.CFG",
      "size": 295,
      "date": 132817442163472107
    },
    {
      "path": "SimObjects/Airplanes/Asobo_A320_NEO/TEXTURE.AIRTRAFFIC02/texture.CFG",
      "size": 295,
      "date": 132817442163472107
    },
    {
      "path": "SimObjects/Airplanes/Asobo_Generic_Airliner_QuadEngines/systems.cfg",
      "size": 13619,
      "date": 132800988831435736
    },
    {
      "path": "SimObjects/Airplanes/Asobo_Generic_Airliner_TwinEngines/systems.cfg",
      "size": 13820,
      "date": 132800989799679291
    },
    {
      "path": "SimObjects/Airplanes/Asobo_Generic_Piston_MultiEngines/systems.cfg",
      "size": 8685,
      "date": 132697878539696722
    },
    {
      "path": "SimObjects/Airplanes/Asobo_Generic_Piston_SingleEngine/systems.cfg",
      "size": 7672,
      "date": 132800996589325643
    },
    {
      "path": "SimObjects/Airplanes/Asobo_Generic_PrivateJet/systems.cfg",
      "size": 8877,
      "date": 132801001760274321
    },
    {
      "path": "SimObjects/Airplanes/Asobo_Generic_Turbo_MultiEngines/systems.cfg",
      "size": 8896,
      "date": 132801001252508578
    },
    {
      "path": "SimObjects/Airplanes/Asobo_Generic_Turbo_SingleEngine/systems.cfg",
      "size": 3798,
      "date": 132801003707744560
    }
  ]
}