{
  "content": [
    {
      "path": "effects/LIGHT_A32NX_EmissiveAccent.fx",
      "size": 1178,
      "date": 132825964956165004
    },
    {
      "path": "effects/LIGHT_A32NX_EmissiveAmbientL.fx",
      "size": 1175,
      "date": 132825968033437512
    },
    {
      "path": "effects/LIGHT_A32NX_EmissiveAmbientS.fx",
      "size": 1183,
      "date": 132825968106606625
    },
    {
      "path": "effects/LIGHT_A32NX_EmissiveHardM.fx",
      "size": 1179,
      "date": 132825968179415685
    },
    {
      "path": "effects/LIGHT_A32NX_EmissiveM.fx",
      "size": 1182,
      "date": 132825968241421683
    },
    {
      "path": "effects/LIGHT_A32NX_EmissiveS.fx",
      "size": 1182,
      "date": 132825968302254896
    }
  ]
}