{
  "content": [
    {
      "path": "Thumbnail.png",
      "size": 3402141,
      "date": 133264909760227698
    },
    {
      "path": "effects/fx_((.fx",
      "size": 1305,
      "date": 133193757978791283
    },
    {
      "path": "effects/fx_LED((.fx",
      "size": 1300,
      "date": 133193757978845750
    },
    {
      "path": "effects/NL_B737_BeaconBelly.fx",
      "size": 2399,
      "date": 133264895004452082
    },
    {
      "path": "effects/NL_B737_BeaconBellyup.fx",
      "size": 1270,
      "date": 133264895004442027
    },
    {
      "path": "effects/NL_B737_BeaconTop.fx",
      "size": 2405,
      "date": 133264895004392043
    },
    {
      "path": "effects/NL_B737_BeaconTopdown.fx",
      "size": 1266,
      "date": 133264895004422048
    },
    {
      "path": "effects/NL_B737_Landing.fx",
      "size": 2502,
      "date": 133270113211223553
    },
    {
      "path": "effects/NL_B737_LandingLarge\u002B.fx",
      "size": 1318,
      "date": 133270113211233499
    },
    {
      "path": "effects/NL_B737_LandingLarge.fx",
      "size": 2501,
      "date": 133270113211113323
    },
    {
      "path": "effects/NL_B737_LandingLargeLED.fx",
      "size": 2487,
      "date": 133193757983772059
    },
    {
      "path": "effects/NL_B737_LEDStrobe_Refl.fx",
      "size": 1258,
      "date": 133193757983822075
    },
    {
      "path": "effects/NL_B737_LogoLightLarge.fx",
      "size": 2493,
      "date": 133193757983882060
    },
    {
      "path": "effects/NL_B737_NavigationGreen.fx",
      "size": 2397,
      "date": 133256191244550916
    },
    {
      "path": "effects/NL_B737_NavigationRed.fx",
      "size": 2385,
      "date": 133256191244530924
    },
    {
      "path": "effects/NL_B737_NavigationWhite.fx",
      "size": 2628,
      "date": 133256191244490929
    },
    {
      "path": "effects/NL_B737_NAVWhite_Refl.fx",
      "size": 1216,
      "date": 133168104223542632
    },
    {
      "path": "effects/NL_B737_StrobeSimple.fx",
      "size": 3549,
      "date": 133193757984149196
    },
    {
      "path": "effects/NL_B737_StrobeSimpleold.fx",
      "size": 3547,
      "date": 133193757984209192
    },
    {
      "path": "effects/NL_B737_StrobeSimpleTail.fx",
      "size": 3545,
      "date": 133193757984262850
    },
    {
      "path": "effects/NL_B737_Strobe_Refl.fx",
      "size": 1254,
      "date": 133193757984312837
    },
    {
      "path": "effects/NL_B737_TaxiLarge.fx",
      "size": 2493,
      "date": 133270113211193540
    },
    {
      "path": "effects/NL_B737_TaxiLargeLED.fx",
      "size": 2490,
      "date": 133193757984427263
    },
    {
      "path": "effects/NL_B737_turnoff.fx",
      "size": 2492,
      "date": 133270113211203523
    },
    {
      "path": "effects/NL_B737_turnoffLED.fx",
      "size": 2490,
      "date": 133193757984547249
    },
    {
      "path": "effects/NL_B737_VC_AMB.fx",
      "size": 1200,
      "date": 133282223444398988
    },
    {
      "path": "effects/NL_B737_Wheel.fx",
      "size": 1317,
      "date": 133193757984600238
    },
    {
      "path": "effects/NL_B737_WingLarge.FX",
      "size": 2635,
      "date": 133193757984650234
    },
    {
      "path": "effects/texture/BeaconDown.dds",
      "size": 1048704,
      "date": 133029571896922694
    },
    {
      "path": "effects/texture/BeaconDown.DDS.json",
      "size": 119,
      "date": 132710849880000000
    },
    {
      "path": "effects/texture/LIGHT.dds",
      "size": 1048704,
      "date": 133033189028925542
    },
    {
      "path": "effects/texture/LIGHT.DDS.json",
      "size": 119,
      "date": 133021146506178945
    },
    {
      "path": "effects/texture/LIGHTLanding-L.dds",
      "size": 1048704,
      "date": 133152396447597969
    },
    {
      "path": "effects/texture/LIGHTLANDING-L.DDS.json",
      "size": 102,
      "date": 132748322040000000
    },
    {
      "path": "effects/texture/LIGHTLanding.dds",
      "size": 1048704,
      "date": 133152396585283573
    },
    {
      "path": "effects/texture/LIGHTLANDING.DDS.json",
      "size": 102,
      "date": 132649836900000000
    },
    {
      "path": "effects/texture/LIGHTLED.dds",
      "size": 1048704,
      "date": 133059003368201974
    },
    {
      "path": "effects/texture/LIGHTLED.DDS.json",
      "size": 119,
      "date": 132939807252455327
    },
    {
      "path": "effects/texture/LIGHTLED2.dds",
      "size": 65664,
      "date": 133020069075746032
    },
    {
      "path": "effects/texture/LIGHTLED2.DDS.json",
      "size": 119,
      "date": 133020153177288547
    },
    {
      "path": "effects/texture/LIGHTtaxy-L.dds",
      "size": 1048704,
      "date": 133152396288768993
    },
    {
      "path": "effects/texture/LIGHTTAXY-L.DDS.json",
      "size": 102,
      "date": 132748322040000000
    },
    {
      "path": "effects/texture/LIGHTtaxy.dds",
      "size": 1048704,
      "date": 133152396390355237
    },
    {
      "path": "effects/texture/LIGHTTAXY.DDS.json",
      "size": 102,
      "date": 132649836980000000
    },
    {
      "path": "effects/texture/LIGHTWing.dds",
      "size": 1048704,
      "date": 133030717693037940
    },
    {
      "path": "effects/texture/LIGHTWING.DDS.json",
      "size": 119,
      "date": 132939721389441957
    },
    {
      "path": "effects/texture/TX-((.dds",
      "size": 1048704,
      "date": 132977775047801745
    },
    {
      "path": "effects/texture/TX-((.DDS.json",
      "size": 102,
      "date": 132977881078639051
    },
    {
      "path": "effects/texture/TX-ALLO.dds",
      "size": 1048704,
      "date": 133121132565052800
    },
    {
      "path": "effects/texture/TX-ALLO.DDS.json",
      "size": 119,
      "date": 132622815780000000
    },
    {
      "path": "effects/texture/TX-STROBE.dds",
      "size": 1048704,
      "date": 133029572251145760
    },
    {
      "path": "effects/texture/TX-STROBE.DDS.json",
      "size": 119,
      "date": 133029956663251605
    },
    {
      "path": "SimObjects/Airplanes/PMDG 737-600/systems.cfg",
      "size": 30327,
      "date": 133261951104863908
    }
  ]
}