{
  "content": [
    {
      "path": "SimObjects/Airplanes/Microsoft_ATR_72_600_highline/effects/LIGHT_ASOBO_LandingLarge.fx",
      "size": 4891,
      "date": 133303001088220561
    },
    {
      "path": "SimObjects/Airplanes/Microsoft_ATR_72_600_highline/effects/LIGHT_ASOBO_LogoLight.fx",
      "size": 3690,
      "date": 133303001088230539
    },
    {
      "path": "SimObjects/Airplanes/Microsoft_ATR_72_600_highline/effects/LIGHT_ASOBO_NavigationGreen.fx",
      "size": 3537,
      "date": 133303001088230539
    },
    {
      "path": "SimObjects/Airplanes/Microsoft_ATR_72_600_highline/effects/LIGHT_ASOBO_NavigationRed.fx",
      "size": 3514,
      "date": 133303001088230539
    },
    {
      "path": "SimObjects/Airplanes/Microsoft_ATR_72_600_highline/effects/LIGHT_ASOBO_NavigationWhite.fx",
      "size": 3524,
      "date": 133303001088230539
    },
    {
      "path": "SimObjects/Airplanes/Microsoft_ATR_72_600_highline/effects/LIGHT_ASOBO_StrobeSimple.fx",
      "size": 3539,
      "date": 133303001088230539
    },
    {
      "path": "SimObjects/Airplanes/Microsoft_ATR_72_600_highline/effects/LIGHT_ASOBO_TaxiLarge.fx",
      "size": 4880,
      "date": 133303001088230539
    },
    {
      "path": "SimObjects/Airplanes/Microsoft_ATR_72_600_highline/effects/LIGHT_ASOBO_WingLarge.FX",
      "size": 3908,
      "date": 133303001088240554
    },
    {
      "path": "SimObjects/Airplanes/Microsoft_ATR_72_600_highline/effects/LIGHT_MSATR_BeaconBelly.fx",
      "size": 3548,
      "date": 133303001088240554
    },
    {
      "path": "SimObjects/Airplanes/Microsoft_ATR_72_600_highline/effects/LIGHT_MSATR_BeaconTop.fx",
      "size": 3554,
      "date": 133303001088240554
    },
    {
      "path": "SimObjects/Airplanes/Microsoft_ATR_72_600_highline/effects/texture/LIGHT.dds",
      "size": 1048704,
      "date": 133303001088290572
    },
    {
      "path": "SimObjects/Airplanes/Microsoft_ATR_72_600_highline/effects/texture/LIGHT.DDS.json",
      "size": 119,
      "date": 133303001088240554
    },
    {
      "path": "SimObjects/Airplanes/Microsoft_ATR_72_600_highline/effects/texture/LIGHTLanding.dds",
      "size": 1048704,
      "date": 133303001088320526
    },
    {
      "path": "SimObjects/Airplanes/Microsoft_ATR_72_600_highline/effects/texture/LIGHTLANDING.DDS.json",
      "size": 102,
      "date": 133303001088290572
    },
    {
      "path": "SimObjects/Airplanes/Microsoft_ATR_72_600_highline/effects/texture/LIGHTtaxy.dds",
      "size": 1048704,
      "date": 133303001088350528
    },
    {
      "path": "SimObjects/Airplanes/Microsoft_ATR_72_600_highline/effects/texture/LIGHTTAXY.DDS.json",
      "size": 102,
      "date": 133303001088320526
    },
    {
      "path": "SimObjects/Airplanes/Microsoft_ATR_72_600_highline/effects/texture/TX-STROBE.dds",
      "size": 1048704,
      "date": 133303001088380553
    },
    {
      "path": "SimObjects/Airplanes/Microsoft_ATR_72_600_highline/effects/texture/TX-STROBE.DDS.json",
      "size": 119,
      "date": 133303001088350528
    }
  ]
}