{
  "content": [
    {
      "path": "effects/LIGHT_A310_BeaconBelly.fx",
      "size": 4592,
      "date": 133298625541174606
    },
    {
      "path": "effects/LIGHT_A310_BeaconTop.fx",
      "size": 4606,
      "date": 133298625541014598
    },
    {
      "path": "effects/LIGHT_A310_Landing.fx",
      "size": 1228,
      "date": 133126610972322600
    },
    {
      "path": "effects/LIGHT_A310_LandingBelly.fx",
      "size": 1229,
      "date": 133126610972332626
    },
    {
      "path": "effects/LIGHT_A310_LandingLarge.fx",
      "size": 4848,
      "date": 133131932871365875
    },
    {
      "path": "effects/LIGHT_A310_LandingPulse.fx",
      "size": 1223,
      "date": 133126610972332626
    },
    {
      "path": "effects/LIGHT_A310_LogoLight.fx",
      "size": 1278,
      "date": 133126610972342626
    },
    {
      "path": "effects/LIGHT_A310_LogoLightLarge.fx",
      "size": 3650,
      "date": 133127490097898884
    },
    {
      "path": "effects/LIGHT_A310_NavigationGreen.fx",
      "size": 3487,
      "date": 133121169863757476
    },
    {
      "path": "effects/LIGHT_A310_NavigationRed.fx",
      "size": 3466,
      "date": 133121169864194319
    },
    {
      "path": "effects/LIGHT_A310_NavigationWhite.fx",
      "size": 3842,
      "date": 133121169863984746
    },
    {
      "path": "effects/LIGHT_A310_Runway.fx",
      "size": 4821,
      "date": 133127452660110744
    },
    {
      "path": "effects/LIGHT_A310_StrobeBelly.fx",
      "size": 1227,
      "date": 133126610972397834
    },
    {
      "path": "effects/LIGHT_A310_StrobeDouble.fx",
      "size": 7261,
      "date": 133127468467919170
    },
    {
      "path": "effects/LIGHT_A310_StrobeSimple.fx",
      "size": 3495,
      "date": 133127468946313946
    },
    {
      "path": "effects/LIGHT_A310_StrobeTop.fx",
      "size": 1223,
      "date": 133126610972417821
    },
    {
      "path": "effects/LIGHT_A310_TakeOff.fx",
      "size": 4840,
      "date": 133127456490593988
    },
    {
      "path": "effects/LIGHT_A310_Taxi.fx",
      "size": 4829,
      "date": 133127451015238027
    },
    {
      "path": "effects/LIGHT_A310_TaxiBelly.fx",
      "size": 1283,
      "date": 133126610972427816
    },
    {
      "path": "effects/LIGHT_A310_TaxiLarge.fx",
      "size": 1282,
      "date": 133126610972427816
    },
    {
      "path": "effects/LIGHT_A310_WingLarge.FX",
      "size": 3866,
      "date": 133048712389921357
    }
  ]
}