{
  "content": [
    {
      "path": "SimObjects/Airplanes/Milviz_PC6_Glass_Floats/systems.cfg",
      "size": 17014,
      "date": 133303002299922599
    },
    {
      "path": "SimObjects/Airplanes/Milviz_PC6_Glass_Floats/effects/NL_PC6_BeaconBelly.fx",
      "size": 4677,
      "date": 133303002299932586
    },
    {
      "path": "SimObjects/Airplanes/Milviz_PC6_Glass_Floats/effects/NL_PC6_Landing.fx",
      "size": 4682,
      "date": 133303002299932586
    },
    {
      "path": "SimObjects/Airplanes/Milviz_PC6_Glass_Floats/effects/NL_PC6_LandingLED.fx",
      "size": 4667,
      "date": 133303002299932586
    },
    {
      "path": "SimObjects/Airplanes/Milviz_PC6_Glass_Floats/effects/NL_PC6_NavigationGreen.fx",
      "size": 3537,
      "date": 133303002299932586
    },
    {
      "path": "SimObjects/Airplanes/Milviz_PC6_Glass_Floats/effects/NL_PC6_NavigationRed.fx",
      "size": 3514,
      "date": 133303002299932586
    },
    {
      "path": "SimObjects/Airplanes/Milviz_PC6_Glass_Floats/effects/NL_PC6_NavigationWhite.fx",
      "size": 3524,
      "date": 133303002299942597
    },
    {
      "path": "SimObjects/Airplanes/Milviz_PC6_Glass_Floats/effects/NL_PC6_StrobeTop.fx",
      "size": 3559,
      "date": 133303002299942597
    },
    {
      "path": "SimObjects/Airplanes/Milviz_PC6_Glass_Floats/effects/texture/LIGHT.dds",
      "size": 1048704,
      "date": 133303002299982576
    },
    {
      "path": "SimObjects/Airplanes/Milviz_PC6_Glass_Floats/effects/texture/LIGHT.DDS.json",
      "size": 119,
      "date": 133303002299942597
    },
    {
      "path": "SimObjects/Airplanes/Milviz_PC6_Glass_Floats/effects/texture/LIGHTLanding-L.dds",
      "size": 1048704,
      "date": 133303002300022576
    },
    {
      "path": "SimObjects/Airplanes/Milviz_PC6_Glass_Floats/effects/texture/LIGHTLANDING-L.DDS.json",
      "size": 102,
      "date": 133303002299992599
    },
    {
      "path": "SimObjects/Airplanes/Milviz_PC6_Glass_Floats/effects/texture/LIGHTLanding.dds",
      "size": 1048704,
      "date": 133303002300052110
    },
    {
      "path": "SimObjects/Airplanes/Milviz_PC6_Glass_Floats/effects/texture/LIGHTLANDING.DDS.json",
      "size": 102,
      "date": 133303002299992599
    },
    {
      "path": "SimObjects/Airplanes/Milviz_PC6_Glass_Floats/effects/texture/TX-ALLO-2.dds",
      "size": 1048704,
      "date": 133303002300092212
    },
    {
      "path": "SimObjects/Airplanes/Milviz_PC6_Glass_Floats/effects/texture/TX-ALLO-2.DDS.json",
      "size": 119,
      "date": 133303002300052110
    },
    {
      "path": "SimObjects/Airplanes/Milviz_PC6_Glass_Floats/effects/texture/TX-ALLO.dds",
      "size": 1048704,
      "date": 133303002300122224
    },
    {
      "path": "SimObjects/Airplanes/Milviz_PC6_Glass_Floats/effects/texture/TX-ALLO.DDS.json",
      "size": 119,
      "date": 133303002300092212
    },
    {
      "path": "SimObjects/Airplanes/Milviz_PC6_Glass_Floats/effects/texture/TX-STROBE.dds",
      "size": 1048704,
      "date": 133303002300152224
    },
    {
      "path": "SimObjects/Airplanes/Milviz_PC6_Glass_Floats/effects/texture/TX-STROBE.DDS.json",
      "size": 119,
      "date": 133303002300122224
    }
  ]
}