{
  "content": [
    {
      "path": "effects/LIGHT_CARENADO_BeaconBelly.fx",
      "size": 4655,
      "date": 133141077861479260
    },
    {
      "path": "effects/LIGHT_CARENADO_BeaconTop.fx",
      "size": 4647,
      "date": 133141077846769324
    },
    {
      "path": "effects/LIGHT_CARENADO_Landing.fx",
      "size": 4623,
      "date": 133141042195953339
    },
    {
      "path": "effects/LIGHT_CARENADO_Landing2.fx",
      "size": 4640,
      "date": 133141042211834941
    },
    {
      "path": "effects/LIGHT_CARENADO_M20R_CockpitSpot.fx",
      "size": 1356,
      "date": 132763593220000000
    },
    {
      "path": "effects/LIGHT_CARENADO_M20R_GaugeSmall.fx",
      "size": 1360,
      "date": 132763593220000000
    },
    {
      "path": "effects/LIGHT_CARENADO_M20R_Glareshield.fx",
      "size": 1355,
      "date": 132763593220000000
    },
    {
      "path": "effects/LIGHT_CARENADO_NavigationGreen.fx",
      "size": 3507,
      "date": 133048712398684791
    },
    {
      "path": "effects/LIGHT_CARENADO_NavigationRed.fx",
      "size": 3482,
      "date": 133048712398884983
    },
    {
      "path": "effects/LIGHT_CARENADO_NavigationWhite.fx",
      "size": 3856,
      "date": 133072299768812362
    },
    {
      "path": "effects/LIGHT_CARENADO_Recognition.fx",
      "size": 4658,
      "date": 133048712399275327
    },
    {
      "path": "effects/LIGHT_CARENADO_Recognition2.fx",
      "size": 4658,
      "date": 133048712399275327
    },
    {
      "path": "effects/LIGHT_CARENADO_RecognitionL.fx",
      "size": 4650,
      "date": 133141045926975842
    },
    {
      "path": "effects/LIGHT_CARENADO_RecognitionR.fx",
      "size": 4658,
      "date": 133141047523165952
    },
    {
      "path": "effects/LIGHT_CARENADO_StrobeSimple.fx",
      "size": 3505,
      "date": 133055686286031693
    },
    {
      "path": "effects/LIGHT_CARENADO_Taxi.fx",
      "size": 4558,
      "date": 133055649246938698
    },
    {
      "path": "effects/LIGHT_CARENADO_Taxi2.fx",
      "size": 4557,
      "date": 133141049638095989
    },
    {
      "path": "effects/LIGHT_CARENADO_Wing.FX",
      "size": 3866,
      "date": 133048712402881459
    },
    {
      "path": "effects/LIGHT_CARENADO_Wing2.FX",
      "size": 3868,
      "date": 133048712403091606
    }
  ]
}