<?xml version="1.0" encoding="Windows-1252"?>
<SimBase.Document Type="CheckpointLibrary" version="1,0">
	<Checklist.CheckpointLibrary>
		<Checkpoint Id="Savage_Cub_Engine_Gauges_Check">
			<Clue name="TT:CLUE.ENGINE_GAUGES_CHECK"/>
			<CheckpointDesc SubjectTT="TT:GAME.CHECKLIST_ENGINE_GAUGES" ExpectationTT="TT:GAME.CHECKLIST_CHECK"/>
			<Sequence SeqType="Unordered">
				<Test>
					<TestValue>
						<Operator OpType="BETWEEN">
							<Val SimVarName="ENG OIL PRESSURE:1" Units="psi"/>
							<Val Value="27"/>
							<Val Value="90"/>
						</Operator>
					</TestValue>
					<Instrument Id="HIGHLIGHT_OIL_PRESS"/>
					<Instrument Id="INSTRUMENT_Needle_Oil_Pressure"/>
					<Action Copilot="True" Condition="TestValueFalse" SpecialAction="WaitUntilTestValueValidated"/>
				</Test>
				<Test>
					<TestValue>
						<Operator OpType="BETWEEN">
							<Val SimVarName="ENG OIL TEMPERATURE:1" Units="farenheit"/>
							<Val Value="90"/>
							<Val Value="245"/>
						</Operator>
					</TestValue>
					<Instrument Id="INSTRUMENT_Needle_Oil_Temperature"/>
					<Action Copilot="True" Condition="TestValueFalse" SpecialAction="WaitUntilTestValueValidated"/>
				</Test>
				<Test>
					<TestValue>
						<Operator OpType="LESS">
							<Val SimVarName="RECIP ENG CYLINDER HEAD TEMPERATURE:1" Units="farenheit"/>
							<Val Value="275"/>
						</Operator>
					</TestValue>
					<Instrument Id="INSTRUMENT_CHT_Temperature"/>
					<Action Copilot="True" Condition="TestValueFalse" SpecialAction="WaitUntilTestValueValidated"/>
				</Test>
			</Sequence>
		</Checkpoint>
		<Checkpoint Id="Savage_Cub_CHOKE_ON_FULLY_PULLED">
			<CheckpointDesc SubjectTT="TT:GAME.CHECKLIST_CHOKE" ExpectationTT="TT:GAME.CHECKLIST_ON"/>
			<Clue name="TT:CLUE.CHOKE_ON_FULLY_PULLED"/>
			<Test>
				<TestValue>
					<Operator OpType="EQUAL" Tolerance="5">
						<Val Code="(L:XMLVAR_ENGINE_Lever_Choke_Pulled)"/>
						<Val Value="100"/>
					</Operator>
					<!-- using XML var until a SIMVAR is assigned -->
				</TestValue>
				<Instrument Id="ENGINE_LEVER_CHOKE"/>
				<Action Copilot="True" Condition="TestValueFalse" Once="true" Code="100 (&gt;B:ENGINE_Choke_1_Set)"/>
			</Test>
		</Checkpoint>
		
		<Checkpoint Id="Savage_Cub_CHOKE_OFF_FULLY_PUSHED">
			<CheckpointDesc SubjectTT="TT:GAME.CHECKLIST_CHOKE" ExpectationTT="TT:GAME.CHECKLIST_OFF"/>
			<Clue name="TT:CLUE.CHOKE_OFF_FULLY_PUSHED"/>
			<Test>
				<TestValue>
					<Operator OpType="EQUAL" Tolerance="5">
						<Val Code="(L:XMLVAR_ENGINE_Lever_Choke_Pulled)"/>
						<Val Value="0"/>
					</Operator>
					<!-- using XML var until a SIMVAR is assigned -->
				</TestValue>
				<Instrument Id="ENGINE_LEVER_CHOKE"/>
				<Action Copilot="True" Condition="TestValueFalse" Once="true" Code="0 (&gt;B:ENGINE_Choke_1_Set)"/>
			</Test>
		</Checkpoint>
	</Checklist.CheckpointLibrary>
</SimBase.Document>