{
  "content": [
    {
      "path": "effects/LIGHT_A32NX_EmissiveAccent.fx",
      "size": 1180,
      "date": 132825964955994459
    },
    {
      "path": "effects/LIGHT_A32NX_EmissiveAmbientL.fx",
      "size": 1177,
      "date": 132825967301432089
    },
    {
      "path": "effects/LIGHT_A32NX_EmissiveAmbientS.fx",
      "size": 1185,
      "date": 132825967376645657
    },
    {
      "path": "effects/LIGHT_A32NX_EmissiveHardM.fx",
      "size": 1181,
      "date": 132825967445854180
    },
    {
      "path": "effects/LIGHT_A32NX_EmissiveM.fx",
      "size": 1184,
      "date": 132825967525524230
    },
    {
      "path": "effects/LIGHT_A32NX_EmissiveS.fx",
      "size": 1184,
      "date": 132825967679509140
    }
  ]
}