{
  "content": [
    {
      "path": "SimObjects/Airplanes/Microsoft_ATR_72_600_highline/effects/LIGHT_ASOBO_LandingLarge.fx",
      "size": 4899,
      "date": 133303001088560581
    },
    {
      "path": "SimObjects/Airplanes/Microsoft_ATR_72_600_highline/effects/LIGHT_ASOBO_LogoLight.fx",
      "size": 3690,
      "date": 133303001088560581
    },
    {
      "path": "SimObjects/Airplanes/Microsoft_ATR_72_600_highline/effects/LIGHT_ASOBO_NavigationGreen.fx",
      "size": 3537,
      "date": 133303001088560581
    },
    {
      "path": "SimObjects/Airplanes/Microsoft_ATR_72_600_highline/effects/LIGHT_ASOBO_NavigationRed.fx",
      "size": 3514,
      "date": 133303001088560581
    },
    {
      "path": "SimObjects/Airplanes/Microsoft_ATR_72_600_highline/effects/LIGHT_ASOBO_NavigationWhite.fx",
      "size": 3524,
      "date": 133303001088560581
    },
    {
      "path": "SimObjects/Airplanes/Microsoft_ATR_72_600_highline/effects/LIGHT_ASOBO_StrobeSimple.fx",
      "size": 3539,
      "date": 133303001088570585
    },
    {
      "path": "SimObjects/Airplanes/Microsoft_ATR_72_600_highline/effects/LIGHT_ASOBO_TaxiLarge.fx",
      "size": 4886,
      "date": 133303001088570585
    },
    {
      "path": "SimObjects/Airplanes/Microsoft_ATR_72_600_highline/effects/LIGHT_ASOBO_WingLarge.FX",
      "size": 3908,
      "date": 133303001088570585
    },
    {
      "path": "SimObjects/Airplanes/Microsoft_ATR_72_600_highline/effects/LIGHT_MSATR_BeaconBelly.fx",
      "size": 3548,
      "date": 133303001088570585
    },
    {
      "path": "SimObjects/Airplanes/Microsoft_ATR_72_600_highline/effects/LIGHT_MSATR_BeaconTop.fx",
      "size": 3554,
      "date": 133303001088570585
    },
    {
      "path": "SimObjects/Airplanes/Microsoft_ATR_72_600_highline/effects/texture/LIGHT.dds",
      "size": 1048704,
      "date": 133303001088620570
    },
    {
      "path": "SimObjects/Airplanes/Microsoft_ATR_72_600_highline/effects/texture/LIGHT.DDS.json",
      "size": 119,
      "date": 133303001088570585
    },
    {
      "path": "SimObjects/Airplanes/Microsoft_ATR_72_600_highline/effects/texture/LIGHTLanding-L.dds",
      "size": 1048704,
      "date": 133303001088660567
    },
    {
      "path": "SimObjects/Airplanes/Microsoft_ATR_72_600_highline/effects/texture/LIGHTLANDING-L.DDS.json",
      "size": 119,
      "date": 133303001088620570
    },
    {
      "path": "SimObjects/Airplanes/Microsoft_ATR_72_600_highline/effects/texture/LIGHTtaxy-L.dds",
      "size": 1048704,
      "date": 133303001088680527
    },
    {
      "path": "SimObjects/Airplanes/Microsoft_ATR_72_600_highline/effects/texture/LIGHTTAXY-L.DDS.json",
      "size": 119,
      "date": 133303001088660567
    },
    {
      "path": "SimObjects/Airplanes/Microsoft_ATR_72_600_highline/effects/texture/TX-STROBE.dds",
      "size": 1048704,
      "date": 133303001088720567
    },
    {
      "path": "SimObjects/Airplanes/Microsoft_ATR_72_600_highline/effects/texture/TX-STROBE.DDS.json",
      "size": 119,
      "date": 133303001088690576
    }
  ]
}