{
  "content": [
    {
      "path": "effects/LIGHT_A32NX_EmissiveAccent.fx",
      "size": 1180,
      "date": 132825965609884521
    },
    {
      "path": "effects/LIGHT_A32NX_EmissiveAmbientL.fx",
      "size": 1177,
      "date": 132825965711134935
    },
    {
      "path": "effects/LIGHT_A32NX_EmissiveAmbientS.fx",
      "size": 1185,
      "date": 132825965839503371
    },
    {
      "path": "effects/LIGHT_A32NX_EmissiveHardM.fx",
      "size": 1181,
      "date": 132825965942436326
    },
    {
      "path": "effects/LIGHT_A32NX_EmissiveM.fx",
      "size": 1184,
      "date": 132825966020684622
    },
    {
      "path": "effects/LIGHT_A32NX_EmissiveS.fx",
      "size": 1184,
      "date": 132825966119896566
    }
  ]
}