{
  "content": [
    {
      "path": "SimObjects/Airplanes/Milviz_PC6_Glass_Wheels/systems.cfg",
      "size": 17020,
      "date": 133303002300172231
    },
    {
      "path": "SimObjects/Airplanes/Milviz_PC6_Glass_Wheels/effects/NL_PC6_BeaconBelly.fx",
      "size": 4677,
      "date": 133303002299628251
    },
    {
      "path": "SimObjects/Airplanes/Milviz_PC6_Glass_Wheels/effects/NL_PC6_Landing.fx",
      "size": 4682,
      "date": 133303002299638272
    },
    {
      "path": "SimObjects/Airplanes/Milviz_PC6_Glass_Wheels/effects/NL_PC6_LandingLED.fx",
      "size": 4667,
      "date": 133303002299638272
    },
    {
      "path": "SimObjects/Airplanes/Milviz_PC6_Glass_Wheels/effects/NL_PC6_NavigationGreen.fx",
      "size": 3537,
      "date": 133303002299638272
    },
    {
      "path": "SimObjects/Airplanes/Milviz_PC6_Glass_Wheels/effects/NL_PC6_NavigationRed.fx",
      "size": 3514,
      "date": 133303002299638272
    },
    {
      "path": "SimObjects/Airplanes/Milviz_PC6_Glass_Wheels/effects/NL_PC6_NavigationWhite.fx",
      "size": 3524,
      "date": 133303002299672483
    },
    {
      "path": "SimObjects/Airplanes/Milviz_PC6_Glass_Wheels/effects/NL_PC6_StrobeTop.fx",
      "size": 3559,
      "date": 133303002299672483
    },
    {
      "path": "SimObjects/Airplanes/Milviz_PC6_Glass_Wheels/effects/texture/LIGHT.dds",
      "size": 1048704,
      "date": 133303002299712576
    },
    {
      "path": "SimObjects/Airplanes/Milviz_PC6_Glass_Wheels/effects/texture/LIGHT.DDS.json",
      "size": 119,
      "date": 133303002299672483
    },
    {
      "path": "SimObjects/Airplanes/Milviz_PC6_Glass_Wheels/effects/texture/LIGHTLanding-L.dds",
      "size": 1048704,
      "date": 133303002299772576
    },
    {
      "path": "SimObjects/Airplanes/Milviz_PC6_Glass_Wheels/effects/texture/LIGHTLANDING-L.DDS.json",
      "size": 102,
      "date": 133303002299722589
    },
    {
      "path": "SimObjects/Airplanes/Milviz_PC6_Glass_Wheels/effects/texture/LIGHTLanding.dds",
      "size": 1048704,
      "date": 133303002299802593
    },
    {
      "path": "SimObjects/Airplanes/Milviz_PC6_Glass_Wheels/effects/texture/LIGHTLANDING.DDS.json",
      "size": 102,
      "date": 133303002299722589
    },
    {
      "path": "SimObjects/Airplanes/Milviz_PC6_Glass_Wheels/effects/texture/TX-ALLO-2.dds",
      "size": 1048704,
      "date": 133303002299852576
    },
    {
      "path": "SimObjects/Airplanes/Milviz_PC6_Glass_Wheels/effects/texture/TX-ALLO-2.DDS.json",
      "size": 119,
      "date": 133303002299802593
    },
    {
      "path": "SimObjects/Airplanes/Milviz_PC6_Glass_Wheels/effects/texture/TX-ALLO.dds",
      "size": 1048704,
      "date": 133303002299882590
    },
    {
      "path": "SimObjects/Airplanes/Milviz_PC6_Glass_Wheels/effects/texture/TX-ALLO.DDS.json",
      "size": 119,
      "date": 133303002299852576
    },
    {
      "path": "SimObjects/Airplanes/Milviz_PC6_Glass_Wheels/effects/texture/TX-STROBE.dds",
      "size": 1048704,
      "date": 133303002299912583
    },
    {
      "path": "SimObjects/Airplanes/Milviz_PC6_Glass_Wheels/effects/texture/TX-STROBE.DDS.json",
      "size": 119,
      "date": 133303002299882590
    }
  ]
}