{
  "content": [
    {
      "path": "effects/LIGHT_A32NX_EmissiveAccent.fx",
      "size": 1178,
      "date": 132825964955570679
    },
    {
      "path": "effects/LIGHT_A32NX_EmissiveAmbientL.fx",
      "size": 1175,
      "date": 132825966387429314
    },
    {
      "path": "effects/LIGHT_A32NX_EmissiveAmbientS.fx",
      "size": 1183,
      "date": 132825966465250321
    },
    {
      "path": "effects/LIGHT_A32NX_EmissiveHardM.fx",
      "size": 1179,
      "date": 132825966543211596
    },
    {
      "path": "effects/LIGHT_A32NX_EmissiveM.fx",
      "size": 1182,
      "date": 132825966636793303
    },
    {
      "path": "effects/LIGHT_A32NX_EmissiveS.fx",
      "size": 1182,
      "date": 132825966719293611
    }
  ]
}