{
  "content": [
    {
      "path": "de-DE.locPak",
      "size": 1893,
      "date": 132862127140000000
    },
    {
      "path": "en-US.locPak",
      "size": 1471,
      "date": 132862127220000000
    },
    {
      "path": "es-ES.locPak",
      "size": 1576,
      "date": 132862127280000000
    },
    {
      "path": "fi-FI.locPak",
      "size": 1492,
      "date": 132862127340000000
    },
    {
      "path": "fr-FR.locPak",
      "size": 1644,
      "date": 132862127040000000
    },
    {
      "path": "it-IT.locPak",
      "size": 1676,
      "date": 132862127500000000
    },
    {
      "path": "ja-JP.locPak",
      "size": 1810,
      "date": 132862128580000000
    },
    {
      "path": "nb-NO.locPak",
      "size": 1495,
      "date": 132862127640000000
    },
    {
      "path": "nl-NL.locPak",
      "size": 1497,
      "date": 132862127700000000
    },
    {
      "path": "pl-PL.locPak",
      "size": 1581,
      "date": 132862127780000000
    },
    {
      "path": "pt-BR.locPak",
      "size": 1624,
      "date": 132862127820000000
    },
    {
      "path": "pt-PT.locPak",
      "size": 1601,
      "date": 132957382540370763
    },
    {
      "path": "ru-RU.locPak",
      "size": 2612,
      "date": 132862127860000000
    },
    {
      "path": "sv-SE.locPak",
      "size": 1545,
      "date": 132862127940000000
    },
    {
      "path": "SimObjects/Airplanes/Asobo_C152 old/ai.cfg",
      "size": 740,
      "date": 132644577520000000
    },
    {
      "path": "SimObjects/Airplanes/Asobo_C152 old/aircraft.cfg",
      "size": 3348,
      "date": 132892474020000000
    },
    {
      "path": "SimObjects/Airplanes/Asobo_C152 old/aircraft.loc",
      "size": 22176,
      "date": 132926294157602857
    },
    {
      "path": "SimObjects/Airplanes/Asobo_C152 old/Approach.flt",
      "size": 2688,
      "date": 132644577500000000
    },
    {
      "path": "SimObjects/Airplanes/Asobo_C152 old/apron.flt",
      "size": 2711,
      "date": 132644577480000000
    },
    {
      "path": "SimObjects/Airplanes/Asobo_C152 old/cameras.cfg",
      "size": 19617,
      "date": 132954751594155142
    },
    {
      "path": "SimObjects/Airplanes/Asobo_C152 old/Checklist.loc",
      "size": 2395,
      "date": 132926294157602857
    },
    {
      "path": "SimObjects/Airplanes/Asobo_C152 old/Climb.flt",
      "size": 2691,
      "date": 132644577490234913
    },
    {
      "path": "SimObjects/Airplanes/Asobo_C152 old/cockpit.cfg",
      "size": 4818,
      "date": 132718920378197276
    },
    {
      "path": "SimObjects/Airplanes/Asobo_C152 old/Cruise.flt",
      "size": 2688,
      "date": 132644577490234913
    },
    {
      "path": "SimObjects/Airplanes/Asobo_C152 old/engines.cfg",
      "size": 9131,
      "date": 132954751594195170
    },
    {
      "path": "SimObjects/Airplanes/Asobo_C152 old/Final.flt",
      "size": 2686,
      "date": 132644577490234913
    },
    {
      "path": "SimObjects/Airplanes/Asobo_C152 old/flight_model.cfg",
      "size": 16011,
      "date": 132906371938279650
    },
    {
      "path": "SimObjects/Airplanes/Asobo_C152 old/gameplay.cfg",
      "size": 1275,
      "date": 132644577464231301
    },
    {
      "path": "SimObjects/Airplanes/Asobo_C152 old/hangar.flt",
      "size": 2598,
      "date": 132644577464231301
    },
    {
      "path": "SimObjects/Airplanes/Asobo_C152 old/Notice.txt",
      "size": 169,
      "date": 132644577467153955
    },
    {
      "path": "SimObjects/Airplanes/Asobo_C152 old/runway.FLT",
      "size": 2658,
      "date": 132644577467163960
    },
    {
      "path": "SimObjects/Airplanes/Asobo_C152 old/systems.cfg",
      "size": 8551,
      "date": 132862247600000000
    },
    {
      "path": "SimObjects/Airplanes/Asobo_C152 old/target_performance.cfg",
      "size": 1639,
      "date": 132644577469816371
    },
    {
      "path": "SimObjects/Airplanes/Asobo_C152 old/taxi.flt",
      "size": 2654,
      "date": 132644577490234913
    },
    {
      "path": "SimObjects/Airplanes/Asobo_C152 old/Checklist/Cessna152_Checklist.xml",
      "size": 6889,
      "date": 132644577500000000
    },
    {
      "path": "SimObjects/Airplanes/Asobo_C152 old/Checklist/Library.xml",
      "size": 1306,
      "date": 132718920380000000
    },
    {
      "path": "SimObjects/Airplanes/Asobo_C152 old/TEXTURE/texture.CFG",
      "size": 405,
      "date": 132861075460000000
    },
    {
      "path": "SimObjects/Airplanes/Asobo_C152 old/TEXTURE/thumbnail.JPG",
      "size": 326600,
      "date": 132862130180000000
    },
    {
      "path": "SimObjects/Airplanes/Asobo_C152 old/TEXTURE/thumbnail_small.JPG",
      "size": 69493,
      "date": 132862130300000000
    }
  ]
}