{
  "content": [
    {
      "path": "de-DE.locPak",
      "size": 1815,
      "date": 132892563320000000
    },
    {
      "path": "en-US.locPak",
      "size": 1453,
      "date": 132892563380000000
    },
    {
      "path": "es-ES.locPak",
      "size": 1688,
      "date": 132892563420000000
    },
    {
      "path": "fi-FI.locPak",
      "size": 1504,
      "date": 132892563480000000
    },
    {
      "path": "fr-FR.locPak",
      "size": 1615,
      "date": 132892562880000000
    },
    {
      "path": "it-IT.locPak",
      "size": 1652,
      "date": 132892563540000000
    },
    {
      "path": "ja-JP.locPak",
      "size": 1788,
      "date": 132892565000000000
    },
    {
      "path": "nb-NO.locPak",
      "size": 1509,
      "date": 132892563620000000
    },
    {
      "path": "nl-NL.locPak",
      "size": 1563,
      "date": 132892563660000000
    },
    {
      "path": "pl-PL.locPak",
      "size": 1832,
      "date": 132892563740000000
    },
    {
      "path": "pt-BR.locPak",
      "size": 1560,
      "date": 132892563800000000
    },
    {
      "path": "pt-PT.locPak",
      "size": 1621,
      "date": 132957381588821783
    },
    {
      "path": "ru-RU.locPak",
      "size": 2476,
      "date": 132892563880000000
    },
    {
      "path": "sv-SE.locPak",
      "size": 1504,
      "date": 132892563940000000
    },
    {
      "path": "SimObjects/Airplanes/Asobo_DR400 old/ai.cfg",
      "size": 737,
      "date": 132817452244014881
    },
    {
      "path": "SimObjects/Airplanes/Asobo_DR400 old/aircraft.cfg",
      "size": 3848,
      "date": 132892562020000000
    },
    {
      "path": "SimObjects/Airplanes/Asobo_DR400 old/aircraft.loc",
      "size": 24595,
      "date": 132926288416950004
    },
    {
      "path": "SimObjects/Airplanes/Asobo_DR400 old/Approach.flt",
      "size": 2667,
      "date": 132817452244024893
    },
    {
      "path": "SimObjects/Airplanes/Asobo_DR400 old/apron.FLT",
      "size": 2835,
      "date": 132817452244034900
    },
    {
      "path": "SimObjects/Airplanes/Asobo_DR400 old/cameras.cfg",
      "size": 27761,
      "date": 132954741268658350
    },
    {
      "path": "SimObjects/Airplanes/Asobo_DR400 old/Climb.flt",
      "size": 2689,
      "date": 132817452244054923
    },
    {
      "path": "SimObjects/Airplanes/Asobo_DR400 old/cockpit.cfg",
      "size": 4618,
      "date": 132817452244064938
    },
    {
      "path": "SimObjects/Airplanes/Asobo_DR400 old/Cruise.flt",
      "size": 2686,
      "date": 132817452244064938
    },
    {
      "path": "SimObjects/Airplanes/Asobo_DR400 old/engines.cfg",
      "size": 10651,
      "date": 132817452244064938
    },
    {
      "path": "SimObjects/Airplanes/Asobo_DR400 old/Final.flt",
      "size": 2706,
      "date": 132817452244074941
    },
    {
      "path": "SimObjects/Airplanes/Asobo_DR400 old/flight_model.cfg",
      "size": 15430,
      "date": 132817452244084947
    },
    {
      "path": "SimObjects/Airplanes/Asobo_DR400 old/gameplay.cfg",
      "size": 1151,
      "date": 132817452244084947
    },
    {
      "path": "SimObjects/Airplanes/Asobo_DR400 old/hangar.flt",
      "size": 2728,
      "date": 132817452244094952
    },
    {
      "path": "SimObjects/Airplanes/Asobo_DR400 old/Notice.txt",
      "size": 178,
      "date": 132817452245165926
    },
    {
      "path": "SimObjects/Airplanes/Asobo_DR400 old/runway.FLT",
      "size": 2743,
      "date": 132817452245175940
    },
    {
      "path": "SimObjects/Airplanes/Asobo_DR400 old/systems.cfg",
      "size": 6845,
      "date": 132776846680000000
    },
    {
      "path": "SimObjects/Airplanes/Asobo_DR400 old/target_performance.cfg",
      "size": 1786,
      "date": 132817452247347913
    },
    {
      "path": "SimObjects/Airplanes/Asobo_DR400 old/taxi.flt",
      "size": 2651,
      "date": 132817452247357924
    },
    {
      "path": "SimObjects/Airplanes/Asobo_DR400 old/Checklist/DR400_LYCOMING_Checklist.xml",
      "size": 17108,
      "date": 132817452244054923
    },
    {
      "path": "SimObjects/Airplanes/Asobo_DR400 old/TEXTURE/texture.CFG",
      "size": 290,
      "date": 132892556700000000
    },
    {
      "path": "SimObjects/Airplanes/Asobo_DR400 old/TEXTURE/thumbnail.JPG",
      "size": 294381,
      "date": 132892559840000000
    },
    {
      "path": "SimObjects/Airplanes/Asobo_DR400 old/TEXTURE/thumbnail_small.JPG",
      "size": 70106,
      "date": 132892561120000000
    }
  ]
}