{
  "content": [
    {
      "path": "SimObjects/Airplanes/Prosim_B738/cameras.cfg",
      "size": 23202,
      "date": 133152462494897679
    },
    {
      "path": "SimObjects/Airplanes/Prosim_B738/systems.cfg",
      "size": 22355,
      "date": 133153315842446676
    },
    {
      "path": "SimObjects/Airplanes/Prosim_B738/effects/NL_PS738_BeaconBelly.fx",
      "size": 1224,
      "date": 133152666241824723
    },
    {
      "path": "SimObjects/Airplanes/Prosim_B738/effects/NL_PS738_BeaconTop.fx",
      "size": 1226,
      "date": 133152666241584298
    },
    {
      "path": "SimObjects/Airplanes/Prosim_B738/effects/NL_PS738_BeaconTopdown.fx",
      "size": 1226,
      "date": 133152666241985111
    },
    {
      "path": "SimObjects/Airplanes/Prosim_B738/effects/NL_PS738_Landing.fx",
      "size": 1282,
      "date": 133153315261924752
    },
    {
      "path": "SimObjects/Airplanes/Prosim_B738/effects/NL_PS738_LandingLarge.fx",
      "size": 1281,
      "date": 133152492022935103
    },
    {
      "path": "SimObjects/Airplanes/Prosim_B738/effects/NL_PS738_LogoLightLarge.fx",
      "size": 1272,
      "date": 133152646640439730
    },
    {
      "path": "SimObjects/Airplanes/Prosim_B738/effects/NL_PS738_NavigationGreen.fx",
      "size": 1224,
      "date": 133153312698388600
    },
    {
      "path": "SimObjects/Airplanes/Prosim_B738/effects/NL_PS738_NavigationRed.fx",
      "size": 1219,
      "date": 133153312698048080
    },
    {
      "path": "SimObjects/Airplanes/Prosim_B738/effects/NL_PS738_NavigationWhite.fx",
      "size": 1345,
      "date": 133153312697700820
    },
    {
      "path": "SimObjects/Airplanes/Prosim_B738/effects/NL_PS738_StrobeSimpleold.fx",
      "size": 3501,
      "date": 133152646640129522
    },
    {
      "path": "SimObjects/Airplanes/Prosim_B738/effects/NL_PS738_StrobeSimpleTail.fx",
      "size": 3503,
      "date": 133152646639887064
    },
    {
      "path": "SimObjects/Airplanes/Prosim_B738/effects/NL_PS738_TaxiLarge.fx",
      "size": 1275,
      "date": 133152633440712521
    },
    {
      "path": "SimObjects/Airplanes/Prosim_B738/effects/NL_PS738_turnoff.fx",
      "size": 1275,
      "date": 133152492019757429
    },
    {
      "path": "SimObjects/Airplanes/Prosim_B738/effects/NL_PS738_Wheel.fx",
      "size": 1271,
      "date": 133152646640665536
    },
    {
      "path": "SimObjects/Airplanes/Prosim_B738/effects/NL_PS738_WingLarge.FX",
      "size": 1345,
      "date": 133152646640234427
    },
    {
      "path": "SimObjects/Airplanes/Prosim_B738/effects/texture/LIGHT.dds",
      "size": 1048704,
      "date": 133033189028925542
    },
    {
      "path": "SimObjects/Airplanes/Prosim_B738/effects/texture/LIGHT.DDS.json",
      "size": 119,
      "date": 133152421311782260
    },
    {
      "path": "SimObjects/Airplanes/Prosim_B738/effects/texture/LIGHTLanding.dds",
      "size": 1048704,
      "date": 133152396585283573
    },
    {
      "path": "SimObjects/Airplanes/Prosim_B738/effects/texture/LIGHTLANDING.DDS.json",
      "size": 119,
      "date": 133152421311782260
    },
    {
      "path": "SimObjects/Airplanes/Prosim_B738/effects/texture/LIGHTtaxy.dds",
      "size": 1048704,
      "date": 133152396390355237
    },
    {
      "path": "SimObjects/Airplanes/Prosim_B738/effects/texture/LIGHTTAXY.DDS.json",
      "size": 119,
      "date": 133152421311767284
    },
    {
      "path": "SimObjects/Airplanes/Prosim_B738/effects/texture/TX-ALLO-2.dds",
      "size": 1048704,
      "date": 133121131977880201
    },
    {
      "path": "SimObjects/Airplanes/Prosim_B738/effects/texture/TX-ALLO-2.DDS.json",
      "size": 119,
      "date": 133152466908226784
    },
    {
      "path": "SimObjects/Airplanes/Prosim_B738/effects/texture/TX-ALLO.dds",
      "size": 1048704,
      "date": 133121132565052800
    },
    {
      "path": "SimObjects/Airplanes/Prosim_B738/effects/texture/TX-STROBE.dds",
      "size": 1048704,
      "date": 133029572251145760
    },
    {
      "path": "SimObjects/Airplanes/Prosim_B738/effects/texture/TX-STROBE.DDS.json",
      "size": 119,
      "date": 133152466908226784
    },
    {
      "path": "SimObjects/Airplanes/Prosim_B738/model/model.CFG",
      "size": 676,
      "date": 133152462170049200
    }
  ]
}