{
  "content": [
    {
      "path": "SimObjects/Airplanes/Aerosoft_CRJ_1000/systems.cfg",
      "size": 10987,
      "date": 132699907170751227
    },
    {
      "path": "SimObjects/Airplanes/Aerosoft_CRJ_550/systems.cfg",
      "size": 10987,
      "date": 132699907170751227
    },
    {
      "path": "SimObjects/Airplanes/Aerosoft_CRJ_700/systems.cfg",
      "size": 13485,
      "date": 132699907322140065
    },
    {
      "path": "SimObjects/Airplanes/Aerosoft_CRJ_900/systems.cfg",
      "size": 10987,
      "date": 132699907170751227
    }
  ]
}