{
  "content": [
    {
      "path": "SimObjects/Airplanes/Microsoft_ATR_42_600/effects/LIGHT_ASOBO_LandingLarge.fx",
      "size": 4891,
      "date": 133303001088050602
    },
    {
      "path": "SimObjects/Airplanes/Microsoft_ATR_42_600/effects/LIGHT_ASOBO_LogoLight.fx",
      "size": 3690,
      "date": 133303001088050602
    },
    {
      "path": "SimObjects/Airplanes/Microsoft_ATR_42_600/effects/LIGHT_ASOBO_NavigationGreen.fx",
      "size": 3537,
      "date": 133303001088050602
    },
    {
      "path": "SimObjects/Airplanes/Microsoft_ATR_42_600/effects/LIGHT_ASOBO_NavigationRed.fx",
      "size": 3514,
      "date": 133303001088050602
    },
    {
      "path": "SimObjects/Airplanes/Microsoft_ATR_42_600/effects/LIGHT_ASOBO_NavigationWhite.fx",
      "size": 3524,
      "date": 133303001088060573
    },
    {
      "path": "SimObjects/Airplanes/Microsoft_ATR_42_600/effects/LIGHT_ASOBO_StrobeSimple.fx",
      "size": 3539,
      "date": 133303001088060573
    },
    {
      "path": "SimObjects/Airplanes/Microsoft_ATR_42_600/effects/LIGHT_ASOBO_TaxiLarge.fx",
      "size": 4880,
      "date": 133303001088060573
    },
    {
      "path": "SimObjects/Airplanes/Microsoft_ATR_42_600/effects/LIGHT_ASOBO_WingLarge.FX",
      "size": 3908,
      "date": 133303001088060573
    },
    {
      "path": "SimObjects/Airplanes/Microsoft_ATR_42_600/effects/LIGHT_MSATR_BeaconBelly.fx",
      "size": 3548,
      "date": 133303001088060573
    },
    {
      "path": "SimObjects/Airplanes/Microsoft_ATR_42_600/effects/LIGHT_MSATR_BeaconTop.fx",
      "size": 3554,
      "date": 133303001088060573
    },
    {
      "path": "SimObjects/Airplanes/Microsoft_ATR_42_600/effects/texture/LIGHT.dds",
      "size": 1048704,
      "date": 133303001088110547
    },
    {
      "path": "SimObjects/Airplanes/Microsoft_ATR_42_600/effects/texture/LIGHT.DDS.json",
      "size": 119,
      "date": 133303001088070568
    },
    {
      "path": "SimObjects/Airplanes/Microsoft_ATR_42_600/effects/texture/LIGHTLanding.dds",
      "size": 1048704,
      "date": 133303001088160556
    },
    {
      "path": "SimObjects/Airplanes/Microsoft_ATR_42_600/effects/texture/LIGHTLANDING.DDS.json",
      "size": 102,
      "date": 133303001088110547
    },
    {
      "path": "SimObjects/Airplanes/Microsoft_ATR_42_600/effects/texture/LIGHTtaxy.dds",
      "size": 1048704,
      "date": 133303001088190518
    },
    {
      "path": "SimObjects/Airplanes/Microsoft_ATR_42_600/effects/texture/LIGHTTAXY.DDS.json",
      "size": 102,
      "date": 133303001088160556
    },
    {
      "path": "SimObjects/Airplanes/Microsoft_ATR_42_600/effects/texture/TX-STROBE.dds",
      "size": 1048704,
      "date": 133303001088220561
    },
    {
      "path": "SimObjects/Airplanes/Microsoft_ATR_42_600/effects/texture/TX-STROBE.DDS.json",
      "size": 119,
      "date": 133303001088190518
    }
  ]
}