{
  "content": [
    {
      "path": "Thumbnail.png",
      "size": 2923533,
      "date": 133264921845354473
    },
    {
      "path": "SimObjects/Airplanes/FNX320/systems.cfg",
      "size": 29554,
      "date": 133302511608336368
    },
    {
      "path": "SimObjects/Airplanes/FNX320/effects/NL_FNX_BeaconBelly.fx",
      "size": 4649,
      "date": 133298626932984664
    },
    {
      "path": "SimObjects/Airplanes/FNX320/effects/NL_FNX_BeaconTop.fx",
      "size": 4663,
      "date": 133298626932940131
    },
    {
      "path": "SimObjects/Airplanes/FNX320/effects/NL_FNX_BeaconTopdown.fx",
      "size": 1256,
      "date": 133298502554061012
    },
    {
      "path": "SimObjects/Airplanes/FNX320/effects/NL_FNX_LandingLarge\u002BHAL.fx",
      "size": 1313,
      "date": 133261896461825163
    },
    {
      "path": "SimObjects/Airplanes/FNX320/effects/NL_FNX_LandingLarge\u002BLED.fx",
      "size": 1317,
      "date": 133193757980000644
    },
    {
      "path": "SimObjects/Airplanes/FNX320/effects/NL_FNX_LandingLargeHAL.fx",
      "size": 2496,
      "date": 133261897335530698
    },
    {
      "path": "SimObjects/Airplanes/FNX320/effects/NL_FNX_LandingLargeLED.fx",
      "size": 4883,
      "date": 133256128494004208
    },
    {
      "path": "SimObjects/Airplanes/FNX320/effects/NL_FNX_LogoLightLarge.fx",
      "size": 3697,
      "date": 133193757980111404
    },
    {
      "path": "SimObjects/Airplanes/FNX320/effects/NL_FNX_NavigationGreen.fx",
      "size": 3517,
      "date": 133299490700087968
    },
    {
      "path": "SimObjects/Airplanes/FNX320/effects/NL_FNX_NavigationRed.fx",
      "size": 3502,
      "date": 133299490700268721
    },
    {
      "path": "SimObjects/Airplanes/FNX320/effects/NL_FNX_NavigationWhiteH.fx",
      "size": 3887,
      "date": 133302780942282285
    },
    {
      "path": "SimObjects/Airplanes/FNX320/effects/NL_FNX_NavigationWhiteL.fx",
      "size": 3883,
      "date": 133261924011772929
    },
    {
      "path": "SimObjects/Airplanes/FNX320/effects/NL_FNX_Strobe1.fx",
      "size": 3902,
      "date": 133299486756271228
    },
    {
      "path": "SimObjects/Airplanes/FNX320/effects/NL_FNX_Strobe2.fx",
      "size": 3519,
      "date": 133299487496272977
    },
    {
      "path": "SimObjects/Airplanes/FNX320/effects/NL_FNX_StrobeSimple.fx",
      "size": 3534,
      "date": 133193757980388942
    },
    {
      "path": "SimObjects/Airplanes/FNX320/effects/NL_FNX_TakeOff\u002BHAL.fx",
      "size": 1315,
      "date": 133308969274114490
    },
    {
      "path": "SimObjects/Airplanes/FNX320/effects/NL_FNX_TakeOff\u002BLED.fx",
      "size": 1317,
      "date": 133308969288846041
    },
    {
      "path": "SimObjects/Airplanes/FNX320/effects/NL_FNX_TakeOffHAL.fx",
      "size": 4881,
      "date": 133261899371448891
    },
    {
      "path": "SimObjects/Airplanes/FNX320/effects/NL_FNX_TakeOffLED.fx",
      "size": 4883,
      "date": 133256128712588868
    },
    {
      "path": "SimObjects/Airplanes/FNX320/effects/NL_FNX_TaxiLargeHAL.fx",
      "size": 2486,
      "date": 133296503277505752
    },
    {
      "path": "SimObjects/Airplanes/FNX320/effects/NL_FNX_TaxiLargeLED.fx",
      "size": 4874,
      "date": 133298353568042953
    },
    {
      "path": "SimObjects/Airplanes/FNX320/effects/NL_FNX_WingLargeH.FX",
      "size": 3896,
      "date": 133302780942069679
    },
    {
      "path": "SimObjects/Airplanes/FNX320/effects/NL_FNX_WingLargeL.FX",
      "size": 3908,
      "date": 133193757980629030
    },
    {
      "path": "SimObjects/Airplanes/FNX320/effects/texture/BeaconDown.dds",
      "size": 1048704,
      "date": 133029571896922694
    },
    {
      "path": "SimObjects/Airplanes/FNX320/effects/texture/BeaconDown.DDS.json",
      "size": 119,
      "date": 132710849880000000
    },
    {
      "path": "SimObjects/Airplanes/FNX320/effects/texture/LIGHT.dds",
      "size": 1048704,
      "date": 133033189028925542
    },
    {
      "path": "SimObjects/Airplanes/FNX320/effects/texture/LIGHT.DDS.json",
      "size": 119,
      "date": 133021146506178945
    },
    {
      "path": "SimObjects/Airplanes/FNX320/effects/texture/LIGHTLanding-L.dds",
      "size": 1048704,
      "date": 133152396447597969
    },
    {
      "path": "SimObjects/Airplanes/FNX320/effects/texture/LIGHTLANDING-L.DDS.json",
      "size": 102,
      "date": 132748322040000000
    },
    {
      "path": "SimObjects/Airplanes/FNX320/effects/texture/LIGHTLanding.dds",
      "size": 1048704,
      "date": 133152396585283573
    },
    {
      "path": "SimObjects/Airplanes/FNX320/effects/texture/LIGHTLANDING.DDS.json",
      "size": 102,
      "date": 132649836900000000
    },
    {
      "path": "SimObjects/Airplanes/FNX320/effects/texture/LIGHTtaxy-L.dds",
      "size": 1048704,
      "date": 133152396288768993
    },
    {
      "path": "SimObjects/Airplanes/FNX320/effects/texture/LIGHTTAXY-L.DDS.json",
      "size": 102,
      "date": 132748322040000000
    },
    {
      "path": "SimObjects/Airplanes/FNX320/effects/texture/LIGHTtaxy.dds",
      "size": 1048704,
      "date": 133152396390355237
    },
    {
      "path": "SimObjects/Airplanes/FNX320/effects/texture/LIGHTTAXY.DDS.json",
      "size": 102,
      "date": 132649836980000000
    },
    {
      "path": "SimObjects/Airplanes/FNX320/effects/texture/LIGHTWing.dds",
      "size": 1048704,
      "date": 133030717693037940
    },
    {
      "path": "SimObjects/Airplanes/FNX320/effects/texture/LIGHTWING.DDS.json",
      "size": 119,
      "date": 132939721389441957
    },
    {
      "path": "SimObjects/Airplanes/FNX320/effects/texture/TX-ALLO.dds",
      "size": 1048704,
      "date": 133121132565052800
    },
    {
      "path": "SimObjects/Airplanes/FNX320/effects/texture/TX-ALLO.DDS.json",
      "size": 119,
      "date": 132622815780000000
    },
    {
      "path": "SimObjects/Airplanes/FNX320/effects/texture/TX-STROBE.dds",
      "size": 1048704,
      "date": 133029572251145760
    },
    {
      "path": "SimObjects/Airplanes/FNX320/effects/texture/TX-STROBE.DDS.json",
      "size": 119,
      "date": 133029956663251605
    }
  ]
}