{
  "content": [
    {
      "path": "SimObjects/AirPlanes/Asobo_B787_10/systems.cfg",
      "size": 24280,
      "date": 133333636153607323
    },
    {
      "path": "SimObjects/AirPlanes/Asobo_B787_10/effects/LIGHT_AS-B787-10_BeaconBelly.fx",
      "size": 5822,
      "date": 133332993412756174
    },
    {
      "path": "SimObjects/AirPlanes/Asobo_B787_10/effects/LIGHT_AS-B787-10_BeaconTop.fx",
      "size": 5838,
      "date": 133332992599787698
    },
    {
      "path": "SimObjects/AirPlanes/Asobo_B787_10/effects/LIGHT_AS-B787-10_LandingLarge\u002B.fx",
      "size": 1317,
      "date": 133302996999327076
    },
    {
      "path": "SimObjects/AirPlanes/Asobo_B787_10/effects/LIGHT_AS-B787-10_LandingLarge.fx",
      "size": 4881,
      "date": 133302996999327076
    },
    {
      "path": "SimObjects/AirPlanes/Asobo_B787_10/effects/LIGHT_AS-B787-10_LogoLightLarge.fx",
      "size": 3689,
      "date": 133302996999327076
    },
    {
      "path": "SimObjects/AirPlanes/Asobo_B787_10/effects/LIGHT_AS-B787-10_NavigationGreen.fx",
      "size": 3548,
      "date": 133302996999327076
    },
    {
      "path": "SimObjects/AirPlanes/Asobo_B787_10/effects/LIGHT_AS-B787-10_NavigationRed.fx",
      "size": 3523,
      "date": 133302996999327076
    },
    {
      "path": "SimObjects/AirPlanes/Asobo_B787_10/effects/LIGHT_AS-B787-10_NavigationWhite.fx",
      "size": 3903,
      "date": 133302996999327076
    },
    {
      "path": "SimObjects/AirPlanes/Asobo_B787_10/effects/LIGHT_AS-B787-10_StrobeSimple.fx",
      "size": 3545,
      "date": 133302996999337073
    },
    {
      "path": "SimObjects/AirPlanes/Asobo_B787_10/effects/LIGHT_AS-B787-10_TaxiLarge.fx",
      "size": 4874,
      "date": 133302996999337073
    },
    {
      "path": "SimObjects/AirPlanes/Asobo_B787_10/effects/LIGHT_AS-B787-10_WingLarge.FX",
      "size": 3904,
      "date": 133302996999337073
    }
  ]
}