{
  "content": [
    {
      "path": "Thumbnail.png",
      "size": 3401982,
      "date": 133303001911468603
    },
    {
      "path": "effects/fx_((.fx",
      "size": 1305,
      "date": 133303001909208361
    },
    {
      "path": "effects/fx_LED((.fx",
      "size": 1300,
      "date": 133303001909208361
    },
    {
      "path": "effects/LIGHT_PMDG_backlight.fx",
      "size": 1207,
      "date": 133303001909135415
    },
    {
      "path": "effects/LIGHT_PMDG_gyrolight.fx",
      "size": 1267,
      "date": 133303001909135415
    },
    {
      "path": "effects/LIGHT_PMDG_headlight.fx",
      "size": 1209,
      "date": 133303001909145416
    },
    {
      "path": "effects/NL_B737_BeaconBelly.fx",
      "size": 2399,
      "date": 133303001909145416
    },
    {
      "path": "effects/NL_B737_BeaconBellyup.fx",
      "size": 1270,
      "date": 133303001909145416
    },
    {
      "path": "effects/NL_B737_BeaconTop.fx",
      "size": 2405,
      "date": 133303001909178229
    },
    {
      "path": "effects/NL_B737_BeaconTopdown.fx",
      "size": 1266,
      "date": 133303001909178229
    },
    {
      "path": "effects/NL_B737_Landing.fx",
      "size": 2502,
      "date": 133303001909178229
    },
    {
      "path": "effects/NL_B737_LandingLarge\u002B.fx",
      "size": 1318,
      "date": 133333967383101398
    },
    {
      "path": "effects/NL_B737_LandingLarge.fx",
      "size": 2501,
      "date": 133333967383191665
    },
    {
      "path": "effects/NL_B737_LandingLargeLED.fx",
      "size": 2487,
      "date": 133303001909188362
    },
    {
      "path": "effects/NL_B737_LEDStrobe_Refl.fx",
      "size": 1258,
      "date": 133303001909178229
    },
    {
      "path": "effects/NL_B737_LogoLightLarge.fx",
      "size": 2493,
      "date": 133303001909188362
    },
    {
      "path": "effects/NL_B737_NavigationGreen.fx",
      "size": 2397,
      "date": 133303001909188362
    },
    {
      "path": "effects/NL_B737_NavigationRed.fx",
      "size": 2385,
      "date": 133303001909188362
    },
    {
      "path": "effects/NL_B737_NavigationWhite.fx",
      "size": 2628,
      "date": 133303001909188362
    },
    {
      "path": "effects/NL_B737_NAVWhite_Refl.fx",
      "size": 1216,
      "date": 133303001909188362
    },
    {
      "path": "effects/NL_B737_StrobeSimple.fx",
      "size": 3549,
      "date": 133303001909188362
    },
    {
      "path": "effects/NL_B737_StrobeSimpleold.fx",
      "size": 3547,
      "date": 133303001909198361
    },
    {
      "path": "effects/NL_B737_StrobeSimpleTail.fx",
      "size": 3545,
      "date": 133303001909188362
    },
    {
      "path": "effects/NL_B737_Strobe_Refl.fx",
      "size": 1254,
      "date": 133303001909198361
    },
    {
      "path": "effects/NL_B737_TaxiLarge.fx",
      "size": 2493,
      "date": 133303001909198361
    },
    {
      "path": "effects/NL_B737_TaxiLargeLED.fx",
      "size": 2490,
      "date": 133303001909198361
    },
    {
      "path": "effects/NL_B737_turnoff.fx",
      "size": 2492,
      "date": 133303001909208361
    },
    {
      "path": "effects/NL_B737_turnoffLED.fx",
      "size": 2490,
      "date": 133303001909208361
    },
    {
      "path": "effects/NL_B737_VC_AMB.fx",
      "size": 1202,
      "date": 133303001909198361
    },
    {
      "path": "effects/NL_B737_Wheel.fx",
      "size": 1317,
      "date": 133303001909198361
    },
    {
      "path": "effects/NL_B737_WingLarge.FX",
      "size": 2635,
      "date": 133303001909198361
    },
    {
      "path": "effects/texture/BeaconDown.dds",
      "size": 1048704,
      "date": 133303001909238354
    },
    {
      "path": "effects/texture/BeaconDown.DDS.json",
      "size": 119,
      "date": 133303001909208361
    },
    {
      "path": "effects/texture/LIGHT.dds",
      "size": 1048704,
      "date": 133303001909278339
    },
    {
      "path": "effects/texture/LIGHT.DDS.json",
      "size": 119,
      "date": 133303001909238354
    },
    {
      "path": "effects/texture/LIGHTLanding-L.dds",
      "size": 1048704,
      "date": 133303001909388339
    },
    {
      "path": "effects/texture/LIGHTLANDING-L.DDS.json",
      "size": 102,
      "date": 133303001909278339
    },
    {
      "path": "effects/texture/LIGHTLanding.dds",
      "size": 1048704,
      "date": 133303001909428356
    },
    {
      "path": "effects/texture/LIGHTLANDING.DDS.json",
      "size": 102,
      "date": 133303001909288356
    },
    {
      "path": "effects/texture/LIGHTLED.dds",
      "size": 1048704,
      "date": 133303001909328346
    },
    {
      "path": "effects/texture/LIGHTLED.DDS.json",
      "size": 119,
      "date": 133303001909288356
    },
    {
      "path": "effects/texture/LIGHTLED2.dds",
      "size": 65664,
      "date": 133303001909328346
    },
    {
      "path": "effects/texture/LIGHTLED2.DDS.json",
      "size": 119,
      "date": 133303001909328346
    },
    {
      "path": "effects/texture/LIGHTtaxy-L.dds",
      "size": 1048704,
      "date": 133303001909498351
    },
    {
      "path": "effects/texture/LIGHTTAXY-L.DDS.json",
      "size": 102,
      "date": 133303001909428356
    },
    {
      "path": "effects/texture/LIGHTtaxy.dds",
      "size": 1048704,
      "date": 133303001909518340
    },
    {
      "path": "effects/texture/LIGHTTAXY.DDS.json",
      "size": 102,
      "date": 133303001909428356
    },
    {
      "path": "effects/texture/LIGHTWing.dds",
      "size": 1048704,
      "date": 133303001909468338
    },
    {
      "path": "effects/texture/LIGHTWING.DDS.json",
      "size": 119,
      "date": 133303001909428356
    },
    {
      "path": "effects/texture/TX-((.dds",
      "size": 1048704,
      "date": 133303001909568347
    },
    {
      "path": "effects/texture/TX-((.DDS.json",
      "size": 102,
      "date": 133303001909518340
    },
    {
      "path": "effects/texture/TX-ALLO.dds",
      "size": 1048704,
      "date": 133303001909608356
    },
    {
      "path": "effects/texture/TX-ALLO.DDS.json",
      "size": 119,
      "date": 133303001909568347
    },
    {
      "path": "effects/texture/TX-STROBE.dds",
      "size": 1048704,
      "date": 133303001909638352
    },
    {
      "path": "effects/texture/TX-STROBE.DDS.json",
      "size": 119,
      "date": 133303001909608356
    },
    {
      "path": "SimObjects/Airplanes/PMDG 737-800/systems.cfg",
      "size": 31576,
      "date": 133303001911358607
    },
    {
      "path": "SimObjects/Airplanes/PMDG 737-800BBJ2/systems.cfg",
      "size": 31576,
      "date": 133303001911358607
    },
    {
      "path": "SimObjects/Airplanes/PMDG 737-800BCF/systems.cfg",
      "size": 30227,
      "date": 133303001911358607
    },
    {
      "path": "SimObjects/Airplanes/PMDG 737-800BDSF/systems.cfg",
      "size": 30399,
      "date": 133303001911358607
    }
  ]
}