{
  "content": [
    {
      "path": "SimObjects/Airplanes/Asobo_C172sp_AS1000/systems.cfg",
      "size": 10334,
      "date": 133126696804031348
    },
    {
      "path": "SimObjects/Airplanes/Asobo_C172sp_AS1000_Floaters/systems.cfg",
      "size": 10765,
      "date": 133048568413969556
    },
    {
      "path": "SimObjects/Airplanes/Asobo_C172sp_AS1000_Skis/systems.cfg",
      "size": 10389,
      "date": 133048568414282054
    },
    {
      "path": "SimObjects/Airplanes/Asobo_C172sp_AS1000_TowPlane/systems.cfg",
      "size": 10334,
      "date": 133126698077484831
    }
  ]
}