{
  "content": [
    {
      "path": "SimObjects/Airplanes/PMDG 737-800/systems.cfg",
      "size": 31141,
      "date": 133286317828643702
    },
    {
      "path": "SimObjects/Airplanes/PMDG 737-800BBJ2/systems.cfg",
      "size": 31141,
      "date": 133286317828830909
    },
    {
      "path": "SimObjects/Airplanes/PMDG 737-800BCF/systems.cfg",
      "size": 29756,
      "date": 133286317829052692
    },
    {
      "path": "SimObjects/Airplanes/PMDG 737-800BDSF/systems.cfg",
      "size": 29928,
      "date": 133286317829248897
    }
  ]
}