{
  "content": [
    {
      "path": "effects/fx_((.fx",
      "size": 1305,
      "date": 133302996999479092
    },
    {
      "path": "effects/fx_LED((.fx",
      "size": 1300,
      "date": 133302996999479092
    },
    {
      "path": "effects/LIGHT_AS-A320_NEO_BeaconBelly.fx",
      "size": 4655,
      "date": 133302996999297074
    },
    {
      "path": "effects/LIGHT_AS-A320_NEO_BeaconBellyup.fx",
      "size": 1256,
      "date": 133302996999297074
    },
    {
      "path": "effects/LIGHT_AS-A320_NEO_BeaconTop.fx",
      "size": 4669,
      "date": 133302996999297074
    },
    {
      "path": "effects/LIGHT_AS-A320_NEO_BeaconTopdown.fx",
      "size": 1252,
      "date": 133302996999297074
    },
    {
      "path": "effects/LIGHT_AS-A320_NEO_LandingLarge\u002B.fx",
      "size": 1317,
      "date": 133302996999297074
    },
    {
      "path": "effects/LIGHT_AS-A320_NEO_LandingLarge.fx",
      "size": 4883,
      "date": 133302996999307074
    },
    {
      "path": "effects/LIGHT_AS-A320_NEO_LogoLightLarge.fx",
      "size": 3697,
      "date": 133302996999307074
    },
    {
      "path": "effects/LIGHT_AS-A320_NEO_NavigationGreen.fx",
      "size": 3529,
      "date": 133302996999307074
    },
    {
      "path": "effects/LIGHT_AS-A320_NEO_NavigationRed.fx",
      "size": 3508,
      "date": 133302996999307074
    },
    {
      "path": "effects/LIGHT_AS-A320_NEO_NavigationWhite.fx",
      "size": 3883,
      "date": 133302996999307074
    },
    {
      "path": "effects/LIGHT_AS-A320_NEO_StrobeDouble.fx",
      "size": 7339,
      "date": 133302996999307074
    },
    {
      "path": "effects/LIGHT_AS-A320_NEO_StrobeSimple.fx",
      "size": 3534,
      "date": 133302996999317073
    },
    {
      "path": "effects/LIGHT_AS-A320_NEO_TakeOff\u002B.fx",
      "size": 1317,
      "date": 133302996999317073
    },
    {
      "path": "effects/LIGHT_AS-A320_NEO_TakeOff.fx",
      "size": 4883,
      "date": 133302996999317073
    },
    {
      "path": "effects/LIGHT_AS-A320_NEO_TaxiLarge.fx",
      "size": 4874,
      "date": 133302996999317073
    },
    {
      "path": "effects/LIGHT_AS-A320_NEO_WingLarge.FX",
      "size": 3908,
      "date": 133302996999317073
    },
    {
      "path": "effects/LIGHT_ASOBO_BeaconBelly.fx",
      "size": 4682,
      "date": 133302996999337073
    },
    {
      "path": "effects/LIGHT_ASOBO_BeaconBellyOmni.fx",
      "size": 4684,
      "date": 133302996999337073
    },
    {
      "path": "effects/LIGHT_ASOBO_BeaconBellyup.fx",
      "size": 2021,
      "date": 133302996999337073
    },
    {
      "path": "effects/LIGHT_ASOBO_BeaconTop.fx",
      "size": 4692,
      "date": 133302996999347073
    },
    {
      "path": "effects/LIGHT_ASOBO_BeaconTopdown.fx",
      "size": 1255,
      "date": 133302996999347073
    },
    {
      "path": "effects/LIGHT_ASOBO_Landing\u002B.fx",
      "size": 1271,
      "date": 133302996999347073
    },
    {
      "path": "effects/LIGHT_ASOBO_Landing.fx",
      "size": 4690,
      "date": 133302996999347073
    },
    {
      "path": "effects/LIGHT_ASOBO_LandingBelly\u002B.fx",
      "size": 1277,
      "date": 133302996999347073
    },
    {
      "path": "effects/LIGHT_ASOBO_LandingBelly.fx",
      "size": 4720,
      "date": 133302996999347073
    },
    {
      "path": "effects/LIGHT_ASOBO_LandingBellypulse\u002B.fx",
      "size": 1275,
      "date": 133302996999357071
    },
    {
      "path": "effects/LIGHT_ASOBO_LandingBellypulse.fx",
      "size": 4712,
      "date": 133302996999357071
    },
    {
      "path": "effects/LIGHT_ASOBO_LandingLarge\u002B.fx",
      "size": 1319,
      "date": 133302996999357071
    },
    {
      "path": "effects/LIGHT_ASOBO_LandingLarge.fx",
      "size": 4883,
      "date": 133302996999357071
    },
    {
      "path": "effects/LIGHT_ASOBO_LandingOld.fx",
      "size": 4692,
      "date": 133302996999357071
    },
    {
      "path": "effects/LIGHT_ASOBO_LandingPulse.fx",
      "size": 4664,
      "date": 133302996999357071
    },
    {
      "path": "effects/LIGHT_ASOBO_LogoLight.fx",
      "size": 3690,
      "date": 133302996999357071
    },
    {
      "path": "effects/LIGHT_ASOBO_LogoLightLarge.fx",
      "size": 3693,
      "date": 133302996999367072
    },
    {
      "path": "effects/LIGHT_ASOBO_NavigationGreen.fx",
      "size": 3537,
      "date": 133302996999367072
    },
    {
      "path": "effects/LIGHT_ASOBO_NavigationRed.fx",
      "size": 3514,
      "date": 133302996999367072
    },
    {
      "path": "effects/LIGHT_ASOBO_NavigationWhite.fx",
      "size": 3524,
      "date": 133302996999367072
    },
    {
      "path": "effects/LIGHT_ASOBO_Recognition.fx",
      "size": 4707,
      "date": 133302996999367072
    },
    {
      "path": "effects/LIGHT_ASOBO_StrobeBelly.fx",
      "size": 3555,
      "date": 133302996999367072
    },
    {
      "path": "effects/LIGHT_ASOBO_StrobeDouble.fx",
      "size": 7369,
      "date": 133302996999367072
    },
    {
      "path": "effects/LIGHT_ASOBO_StrobeSimple.fx",
      "size": 3539,
      "date": 133302996999377072
    },
    {
      "path": "effects/LIGHT_ASOBO_StrobeTop.fx",
      "size": 3565,
      "date": 133302996999377072
    },
    {
      "path": "effects/LIGHT_ASOBO_Taxi.fx",
      "size": 4889,
      "date": 133302996999377072
    },
    {
      "path": "effects/LIGHT_ASOBO_TaxiBelly\u002B.fx",
      "size": 1328,
      "date": 133302996999387076
    },
    {
      "path": "effects/LIGHT_ASOBO_TaxiBelly.fx",
      "size": 4935,
      "date": 133302996999387076
    },
    {
      "path": "effects/LIGHT_ASOBO_TaxiLarge.fx",
      "size": 4877,
      "date": 133302996999387076
    },
    {
      "path": "effects/LIGHT_ASOBO_TBM930_IceLight.fx",
      "size": 3884,
      "date": 133302996999377072
    },
    {
      "path": "effects/LIGHT_ASOBO_TBM930_Pulse.fx",
      "size": 4890,
      "date": 133302996999377072
    },
    {
      "path": "effects/LIGHT_ASOBO_TBM930_Recognition.fx",
      "size": 3529,
      "date": 133302996999377072
    },
    {
      "path": "effects/LIGHT_ASOBO_TBM930_StrobeTailStatic.fx",
      "size": 3543,
      "date": 133302996999377072
    },
    {
      "path": "effects/LIGHT_ASOBO_Wing.FX",
      "size": 3906,
      "date": 133302996999387076
    },
    {
      "path": "effects/LIGHT_ASOBO_WingLarge.FX",
      "size": 3908,
      "date": 133302996999387076
    },
    {
      "path": "effects/LIGHT_B737_BeaconBelly.fx",
      "size": 2395,
      "date": 133302996999387076
    },
    {
      "path": "effects/LIGHT_B737_BeaconBellyup.fx",
      "size": 1264,
      "date": 133302996999397076
    },
    {
      "path": "effects/LIGHT_B737_BeaconTop.fx",
      "size": 2401,
      "date": 133302996999397076
    },
    {
      "path": "effects/LIGHT_B737_BeaconTopdown.fx",
      "size": 1260,
      "date": 133302996999397076
    },
    {
      "path": "effects/LIGHT_B737_Landing.fx",
      "size": 2497,
      "date": 133302996999397076
    },
    {
      "path": "effects/LIGHT_B737_LandingLarge\u002B.fx",
      "size": 1313,
      "date": 133302996999397076
    },
    {
      "path": "effects/LIGHT_B737_LandingLarge.fx",
      "size": 2496,
      "date": 133302996999407075
    },
    {
      "path": "effects/LIGHT_B737_LandingLargeLED.fx",
      "size": 2487,
      "date": 133302996999408973
    },
    {
      "path": "effects/LIGHT_B737_LEDStrobe_Refl.fx",
      "size": 1258,
      "date": 133302996999397076
    },
    {
      "path": "effects/LIGHT_B737_LogoLightLarge.fx",
      "size": 2493,
      "date": 133302996999408973
    },
    {
      "path": "effects/LIGHT_B737_NavigationGreen.fx",
      "size": 2397,
      "date": 133302996999408973
    },
    {
      "path": "effects/LIGHT_B737_NavigationRed.fx",
      "size": 2385,
      "date": 133302996999408973
    },
    {
      "path": "effects/LIGHT_B737_NavigationWhite.fx",
      "size": 2628,
      "date": 133302996999408973
    },
    {
      "path": "effects/LIGHT_B737_NAVWhite_Refl.fx",
      "size": 1216,
      "date": 133302996999408973
    },
    {
      "path": "effects/LIGHT_B737_StrobeSimple.fx",
      "size": 3549,
      "date": 133302996999408973
    },
    {
      "path": "effects/LIGHT_B737_StrobeSimpleold.fx",
      "size": 3547,
      "date": 133302996999419024
    },
    {
      "path": "effects/LIGHT_B737_StrobeSimpleTail.fx",
      "size": 3545,
      "date": 133302996999419024
    },
    {
      "path": "effects/LIGHT_B737_Strobe_Refl.fx",
      "size": 1254,
      "date": 133302996999419024
    },
    {
      "path": "effects/LIGHT_B737_TaxiLarge.fx",
      "size": 2488,
      "date": 133302996999419024
    },
    {
      "path": "effects/LIGHT_B737_TaxiLargeLED.fx",
      "size": 2490,
      "date": 133302996999419024
    },
    {
      "path": "effects/LIGHT_B737_turnoff.fx",
      "size": 2487,
      "date": 133302996999429095
    },
    {
      "path": "effects/LIGHT_B737_turnoffLED.fx",
      "size": 2490,
      "date": 133302996999429095
    },
    {
      "path": "effects/LIGHT_B737_Wheel.fx",
      "size": 1317,
      "date": 133302996999419024
    },
    {
      "path": "effects/LIGHT_B737_WingLarge.FX",
      "size": 2635,
      "date": 133302996999419024
    },
    {
      "path": "effects/LIGHT_B747_8i_BeaconBelly.fx",
      "size": 4694,
      "date": 133302996999429095
    },
    {
      "path": "effects/LIGHT_B747_8i_BeaconBellyup.fx",
      "size": 1261,
      "date": 133302996999429095
    },
    {
      "path": "effects/LIGHT_B747_8i_BeaconTop.fx",
      "size": 4696,
      "date": 133302996999429095
    },
    {
      "path": "effects/LIGHT_B747_8i_BeaconTopdown.fx",
      "size": 1259,
      "date": 133302996999429095
    },
    {
      "path": "effects/LIGHT_B747_8i_LandingLarge\u002B.fx",
      "size": 1319,
      "date": 133302996999429095
    },
    {
      "path": "effects/LIGHT_B747_8i_LandingLarge.fx",
      "size": 4883,
      "date": 133302996999439087
    },
    {
      "path": "effects/LIGHT_B747_8i_LogoLightLarge.fx",
      "size": 3693,
      "date": 133302996999439087
    },
    {
      "path": "effects/LIGHT_B747_8i_NavigationGreen.fx",
      "size": 3544,
      "date": 133302996999439087
    },
    {
      "path": "effects/LIGHT_B747_8i_NavigationRed.fx",
      "size": 3523,
      "date": 133302996999439087
    },
    {
      "path": "effects/LIGHT_B747_8i_NavigationWhite.fx",
      "size": 3903,
      "date": 133302996999439087
    },
    {
      "path": "effects/LIGHT_B747_8i_StrobeSimple.fx",
      "size": 3553,
      "date": 133302996999439087
    },
    {
      "path": "effects/LIGHT_B747_8i_TaxiLarge.fx",
      "size": 4877,
      "date": 133302996999439087
    },
    {
      "path": "effects/LIGHT_B747_8i_WingLarge.FX",
      "size": 3908,
      "date": 133302996999449090
    },
    {
      "path": "effects/LIGHT_CSMASTB7_BeaconBelly.fx",
      "size": 4689,
      "date": 133302996999449090
    },
    {
      "path": "effects/LIGHT_CSMASTB7_BeaconTop.fx",
      "size": 4703,
      "date": 133302996999449090
    },
    {
      "path": "effects/LIGHT_CSMASTB7_BeaconTopdown.fx",
      "size": 1264,
      "date": 133302996999449090
    },
    {
      "path": "effects/LIGHT_CSMASTB7_LandingLarge\u002B.fx",
      "size": 1288,
      "date": 133302996999449090
    },
    {
      "path": "effects/LIGHT_CSMASTB7_LandingLarge.fx",
      "size": 4881,
      "date": 133302996999449090
    },
    {
      "path": "effects/LIGHT_CSMASTB7_LogoLightLarge.fx",
      "size": 3698,
      "date": 133302996999449090
    },
    {
      "path": "effects/LIGHT_CSMASTB7_NavigationGreen.fx",
      "size": 3544,
      "date": 133302996999449090
    },
    {
      "path": "effects/LIGHT_CSMASTB7_NavigationRed.fx",
      "size": 3523,
      "date": 133302996999459094
    },
    {
      "path": "effects/LIGHT_CSMASTB7_NavigationWhite.fx",
      "size": 3903,
      "date": 133302996999459094
    },
    {
      "path": "effects/LIGHT_CSMASTB7_StrobeSimple.fx",
      "size": 3561,
      "date": 133302996999459094
    },
    {
      "path": "effects/LIGHT_CSMASTB7_TaxiLarge.fx",
      "size": 4870,
      "date": 133302996999459094
    },
    {
      "path": "effects/LIGHT_CSMASTB7_WingLarge.FX",
      "size": 3912,
      "date": 133302996999459094
    },
    {
      "path": "effects/LIGHT_MSPC6_BeaconBelly.fx",
      "size": 4688,
      "date": 133302996999459094
    },
    {
      "path": "effects/LIGHT_MSPC6_BeaconTop.fx",
      "size": 4694,
      "date": 133302996999469091
    },
    {
      "path": "effects/LIGHT_Newlight_H135_BeaconTop.fx",
      "size": 4669,
      "date": 133302996999469091
    },
    {
      "path": "effects/LIGHT_Newlight_H135_Landing.fx",
      "size": 4691,
      "date": 133302996999469091
    },
    {
      "path": "effects/LIGHT_Newlight_H135_Spotlight.fx",
      "size": 5084,
      "date": 133302996999469091
    },
    {
      "path": "effects/LIGHT_Newlight_H135_StrobeSimple.fx",
      "size": 3542,
      "date": 133302996999469091
    },
    {
      "path": "effects/LIGHT_Newlight_Landing icon5.fx",
      "size": 4683,
      "date": 133302996999469091
    },
    {
      "path": "effects/LIGHT_Newlight_StrobeSimplegreen.fx",
      "size": 4695,
      "date": 133302996999469091
    },
    {
      "path": "effects/LIGHT_Newlight_StrobeSimplered.fx",
      "size": 4673,
      "date": 133302996999469091
    },
    {
      "path": "effects/LIGHT_Newlight_StrobetripleD.fx",
      "size": 11223,
      "date": 133302996999479092
    },
    {
      "path": "effects/LIGHT_Newlight_StrobetripleG.fx",
      "size": 11223,
      "date": 133302996999479092
    },
    {
      "path": "effects/LIGHT_Newlight_Taxi icon5.fx",
      "size": 4867,
      "date": 133302996999479092
    },
    {
      "path": "effects/NEWLIGHT_CRJ_StrobeSimple.fx",
      "size": 3534,
      "date": 133302996999479092
    },
    {
      "path": "effects/texture/BeaconDown.dds",
      "size": 1048704,
      "date": 133302996999509076
    },
    {
      "path": "effects/texture/BeaconDown.DDS.json",
      "size": 119,
      "date": 133302996999489091
    },
    {
      "path": "effects/texture/flare.dds",
      "size": 1048704,
      "date": 133302997000169071
    },
    {
      "path": "effects/texture/FLARE.DDS.json",
      "size": 119,
      "date": 133302996999509076
    },
    {
      "path": "effects/texture/FLASHLIGHT.dds",
      "size": 1048704,
      "date": 133302996999549074
    },
    {
      "path": "effects/texture/FLASHLIGHT.DDS.json",
      "size": 102,
      "date": 133302996999509076
    },
    {
      "path": "effects/texture/FLASHLIGHTMASK2.TIF.dds",
      "size": 1048704,
      "date": 133302996999589075
    },
    {
      "path": "effects/texture/FLASHLIGHTMASK2.TIF.DDS.json",
      "size": 102,
      "date": 133302996999549074
    },
    {
      "path": "effects/texture/LIGHT.dds",
      "size": 1048704,
      "date": 133302996999639075
    },
    {
      "path": "effects/texture/LIGHT.DDS.json",
      "size": 119,
      "date": 133302996999589075
    },
    {
      "path": "effects/texture/LIGHTLanding-belly.dds",
      "size": 1048704,
      "date": 133302996999799072
    },
    {
      "path": "effects/texture/LIGHTLANDING-BELLY.DDS.json",
      "size": 102,
      "date": 133302996999639075
    },
    {
      "path": "effects/texture/LIGHTLanding-L.dds",
      "size": 1048704,
      "date": 133302996999739071
    },
    {
      "path": "effects/texture/LIGHTLANDING-L.DDS.json",
      "size": 102,
      "date": 133302996999639075
    },
    {
      "path": "effects/texture/LIGHTLanding.dds",
      "size": 1048704,
      "date": 133302996999839084
    },
    {
      "path": "effects/texture/LIGHTLANDING.DDS.json",
      "size": 102,
      "date": 133302996999639075
    },
    {
      "path": "effects/texture/LIGHTLED.dds",
      "size": 1048704,
      "date": 133302996999679072
    },
    {
      "path": "effects/texture/LIGHTLED.DDS.json",
      "size": 119,
      "date": 133302996999639075
    },
    {
      "path": "effects/texture/LIGHTLED2.dds",
      "size": 65664,
      "date": 133302996999689088
    },
    {
      "path": "effects/texture/LIGHTLED2.DDS.json",
      "size": 119,
      "date": 133302996999689088
    },
    {
      "path": "effects/texture/LIGHTold.dds",
      "size": 1048704,
      "date": 133302996999949081
    },
    {
      "path": "effects/texture/LIGHTOLD.DDS.json",
      "size": 119,
      "date": 133302996999839084
    },
    {
      "path": "effects/texture/LIGHTtaxy-belly.dds",
      "size": 1048704,
      "date": 133302996999999098
    },
    {
      "path": "effects/texture/LIGHTTAXY-BELLY.DDS.json",
      "size": 102,
      "date": 133302996999839084
    },
    {
      "path": "effects/texture/LIGHTtaxy-L.dds",
      "size": 1048704,
      "date": 133302996999969090
    },
    {
      "path": "effects/texture/LIGHTTAXY-L.DDS.json",
      "size": 102,
      "date": 133302996999839084
    },
    {
      "path": "effects/texture/LIGHTtaxy.dds",
      "size": 1048704,
      "date": 133302997000029086
    },
    {
      "path": "effects/texture/LIGHTTAXY.DDS.json",
      "size": 102,
      "date": 133302996999839084
    },
    {
      "path": "effects/texture/LIGHTWing.dds",
      "size": 1048704,
      "date": 133302996999889081
    },
    {
      "path": "effects/texture/LIGHTWING.DDS.json",
      "size": 119,
      "date": 133302996999849112
    },
    {
      "path": "effects/texture/TX-((.dds",
      "size": 1048704,
      "date": 133302997000059072
    },
    {
      "path": "effects/texture/TX-((.DDS.json",
      "size": 102,
      "date": 133302997000029086
    },
    {
      "path": "effects/texture/TX-ALLO.dds",
      "size": 1048704,
      "date": 133302997000099088
    },
    {
      "path": "effects/texture/TX-ALLO.DDS.json",
      "size": 119,
      "date": 133302997000059072
    },
    {
      "path": "effects/texture/TX-STROBE.dds",
      "size": 1048704,
      "date": 133302997000129085
    },
    {
      "path": "effects/texture/TX-STROBE.DDS.json",
      "size": 119,
      "date": 133302997000099088
    }
  ]
}