{
  "content": [
    {
      "path": "de-DE.locPak",
      "size": 2328,
      "date": 132862119520000000
    },
    {
      "path": "en-US.locPak",
      "size": 1931,
      "date": 132862119580000000
    },
    {
      "path": "es-ES.locPak",
      "size": 2125,
      "date": 132862119660000000
    },
    {
      "path": "fi-FI.locPak",
      "size": 2103,
      "date": 132862119720000000
    },
    {
      "path": "fr-FR.locPak",
      "size": 2176,
      "date": 132862119420000000
    },
    {
      "path": "it-IT.locPak",
      "size": 2139,
      "date": 132862119820000000
    },
    {
      "path": "ja-JP.locPak",
      "size": 2407,
      "date": 132862123200000000
    },
    {
      "path": "nb-NO.locPak",
      "size": 1928,
      "date": 132862120060000000
    },
    {
      "path": "nl-NL.locPak",
      "size": 1975,
      "date": 132862120140000000
    },
    {
      "path": "pl-PL.locPak",
      "size": 2276,
      "date": 132862120220000000
    },
    {
      "path": "pt-BR.locPak",
      "size": 2077,
      "date": 132862120300000000
    },
    {
      "path": "pt-PT.locPak",
      "size": 2056,
      "date": 132957385797396001
    },
    {
      "path": "ru-RU.locPak",
      "size": 3092,
      "date": 132862120340000000
    },
    {
      "path": "sv-SE.locPak",
      "size": 2039,
      "date": 132862120400000000
    },
    {
      "path": "SimObjects/Airplanes/Asobo_Bonanza_G36 old/ai.cfg",
      "size": 745,
      "date": 132873439914321624
    },
    {
      "path": "SimObjects/Airplanes/Asobo_Bonanza_G36 old/aircraft.cfg",
      "size": 3446,
      "date": 132892478520000000
    },
    {
      "path": "SimObjects/Airplanes/Asobo_Bonanza_G36 old/aircraft.loc",
      "size": 30030,
      "date": 132926290902446759
    },
    {
      "path": "SimObjects/Airplanes/Asobo_Bonanza_G36 old/Approach.flt",
      "size": 2843,
      "date": 132873439914331626
    },
    {
      "path": "SimObjects/Airplanes/Asobo_Bonanza_G36 old/apron.flt",
      "size": 2895,
      "date": 132868416140000000
    },
    {
      "path": "SimObjects/Airplanes/Asobo_Bonanza_G36 old/cameras.cfg",
      "size": 26444,
      "date": 132954744499736350
    },
    {
      "path": "SimObjects/Airplanes/Asobo_Bonanza_G36 old/Climb.flt",
      "size": 3084,
      "date": 132873439914361653
    },
    {
      "path": "SimObjects/Airplanes/Asobo_Bonanza_G36 old/cockpit.cfg",
      "size": 4664,
      "date": 132873439914361653
    },
    {
      "path": "SimObjects/Airplanes/Asobo_Bonanza_G36 old/Cruise.flt",
      "size": 2843,
      "date": 132873439914371659
    },
    {
      "path": "SimObjects/Airplanes/Asobo_Bonanza_G36 old/engines.cfg",
      "size": 9161,
      "date": 132873439914371659
    },
    {
      "path": "SimObjects/Airplanes/Asobo_Bonanza_G36 old/Final.flt",
      "size": 2865,
      "date": 132873439914371659
    },
    {
      "path": "SimObjects/Airplanes/Asobo_Bonanza_G36 old/flight_model.cfg",
      "size": 15891,
      "date": 132873439914381668
    },
    {
      "path": "SimObjects/Airplanes/Asobo_Bonanza_G36 old/gameplay.cfg",
      "size": 1151,
      "date": 132873439914381668
    },
    {
      "path": "SimObjects/Airplanes/Asobo_Bonanza_G36 old/hangar.flt",
      "size": 2780,
      "date": 132873439914381668
    },
    {
      "path": "SimObjects/Airplanes/Asobo_Bonanza_G36 old/Notice.txt",
      "size": 170,
      "date": 132873439916303422
    },
    {
      "path": "SimObjects/Airplanes/Asobo_Bonanza_G36 old/runway.FLT",
      "size": 2835,
      "date": 132873439916313443
    },
    {
      "path": "SimObjects/Airplanes/Asobo_Bonanza_G36 old/systems.cfg",
      "size": 11438,
      "date": 132818951600000000
    },
    {
      "path": "SimObjects/Airplanes/Asobo_Bonanza_G36 old/taxi.flt",
      "size": 2810,
      "date": 132873439919776584
    },
    {
      "path": "SimObjects/Airplanes/Asobo_Bonanza_G36 old/Checklist/Bonanza_G36_Checklist.xml",
      "size": 7992,
      "date": 132817459200000000
    },
    {
      "path": "SimObjects/Airplanes/Asobo_Bonanza_G36 old/Checklist/Library.xml",
      "size": 6047,
      "date": 132817459200000000
    },
    {
      "path": "SimObjects/Airplanes/Asobo_Bonanza_G36 old/texture/texture.CFG",
      "size": 298,
      "date": 132862110120000000
    },
    {
      "path": "SimObjects/Airplanes/Asobo_Bonanza_G36 old/texture/thumbnail.JPG",
      "size": 303200,
      "date": 132862125180000000
    },
    {
      "path": "SimObjects/Airplanes/Asobo_Bonanza_G36 old/texture/thumbnail_small.JPG",
      "size": 76193,
      "date": 132862125400000000
    }
  ]
}