{
  "content": [
    {
      "path": "effects/LIGHT_A32NX_EmissiveAccent.fx",
      "size": 1182,
      "date": 132825943731209914
    },
    {
      "path": "effects/LIGHT_A32NX_EmissiveAmbientL.fx",
      "size": 1179,
      "date": 132825943824483711
    },
    {
      "path": "effects/LIGHT_A32NX_EmissiveAmbientS.fx",
      "size": 1187,
      "date": 132825943922439692
    },
    {
      "path": "effects/LIGHT_A32NX_EmissiveHardM.fx",
      "size": 1183,
      "date": 132825944083554219
    },
    {
      "path": "effects/LIGHT_A32NX_EmissiveM.fx",
      "size": 1186,
      "date": 132825944236484427
    },
    {
      "path": "effects/LIGHT_A32NX_EmissiveS.fx",
      "size": 1186,
      "date": 132825944339832586
    }
  ]
}