<?xml version="1.0" encoding="Windows-1252"?>
<SimBase.Document Type="Checklist" version="1,0">
	<Checklist.Checklist>
		<IncludeCheckpointLibrary FileName="CheckpointsLibrary\\Asobo_DefaultCheckpointLibrary.xml"/>
		
		<Step ChecklistStepId="PREFLIGHT_GATE">
			<Page SubjectTT="TT:GAME.CHECKLIST_PREFLIGHT_INSPECTION">
				<Checkpoint ReferenceId="Magnetos_Off"/>
				<Checkpoint ReferenceId="Battery_Switch_Off">
					<CheckpointDesc SubjectTT="TT:GAME.CHECKLIST_BATTERY_MASTER_SWITCH" ExpectationTT="TT:GAME.CHECKLIST_OFF"/>
				</Checkpoint>
				<Checkpoint ReferenceId="Flight_Control_Free_And_Correct">
					<Clue name="TT:CLUE.DR400_FLIGHT_CONTROL_FREE_AND_CORRECT"/>
				</Checkpoint>
				<Checkpoint ReferenceId="Flaps_Down">
					<Clue name="TT:CLUE.DR400_FLAPS_DOWN"/>
				</Checkpoint>
				<Checkpoint ReferenceId="Elevator_Trim_Neutral">
					<Clue name="TT:CLUE.DR400_ELEVATOR_TRIM_NEUTRAL"/>					
				</Checkpoint>
			</Page>
			<Page SubjectTT="TT:GAME.CHECKLIST_BEFORE_STARTING_ENGINE">
				<Checkpoint ReferenceId="Parking_Brake_Set"/>
				<Checkpoint ReferenceId="Flaps_0">
					<CheckpointDesc SubjectTT="TT:GAME.CHECKLIST_FLAPS" ExpectationTT="TT:GAME.CHECKLIST_UP"/>
				</Checkpoint> 
				<Checkpoint ReferenceId="Battery_Switch_On">
					<CheckpointDesc SubjectTT="TT:GAME.CHECKLIST_BATTERY_MASTER_SWITCH" ExpectationTT="TT:GAME.CHECKLIST_ON"/>
				</Checkpoint>
				<Checkpoint ReferenceId="Fuel_Selector_Both">
					<CheckpointDesc SubjectTT="TT:GAME.CHECKLIST_FUEL_VALVE" ExpectationTT="TT:GAME.CHECKLIST_OPEN"/>
					<Clue name="TT:CLUE.FUEL_TANK_SELECTOR_OUVERT"/>
				</Checkpoint>
				<Checkpoint ReferenceId="Fuel_Quantity_Indicator_Check">
					<CheckpointDesc SubjectTT="TT:GAME.CHECKLIST_FUEL_QUANTITY" ExpectationTT="TT:GAME.CHECKLIST_CHECK"/>
				</Checkpoint>
				<Checkpoint ReferenceId="Annunciator_Panel_Test">
					<Clue name="TT:CLUE.DR400_ANNUNCIATOR_PANEL_TEST"/>
				</Checkpoint>
				<Checkpoint ReferenceId="Strobe_Light_On">
					<CheckpointDesc SubjectTT="TT:GAME.CHECKLIST_ANTICOLLISION_LIGHT" ExpectationTT="TT:GAME.CHECKLIST_ON"/>
				</Checkpoint>
			</Page>
			<!-- Starting Engine -->
			<Page SubjectTT="TT:GAME.CHECKLIST_STARTING_ENGINE">
				<Checkpoint ReferenceId="Carb_Heat_Cold"/>
				<Checkpoint ReferenceId="Mixture_Rich">
					<Clue name="TT:CLUE.DR400_MIXTURE_RICH"/>
				</Checkpoint>
				<Checkpoint ReferenceId="AUX_BP_ON">
					<CheckpointDesc SubjectTT="TT:GAME.CHECKLIST_ELECTRIC_FUEL_PUMP" ExpectationTT="TT:GAME.CHECKLIST_ON"/>
					<Clue name="TT:CLUE.ELECTRIC_FUEL_PUMP_ON"/>
				</Checkpoint>
				<Checkpoint ReferenceId="Magneto_Both"/>
				<Checkpoint ReferenceId="THROTTLE_1_CENTIMETER"/>
				<Checkpoint ReferenceId="STARTER_ON_15_SEC_MAX">
					<Clue name="TT:CLUE.STARTER_ON_15_SEC_MAX_PUSHBUTTON"/>
				</Checkpoint>
				<Checkpoint ReferenceId="Throttle_Adjust_1000_RPM"/> 
				<Checkpoint ReferenceId="Oil_Pressure_Check"/>
			</Page>
			<!-- After starting engine 1/2 -->
			<Page SubjectTT="TT:GAME.CHECKLIST_AFTER_STARTING_ENGINE_1">
				<Checkpoint ReferenceId="Throttle_Adjust_1200_RPM"/>
				<Checkpoint ReferenceId="Oil_Pressure_Check"/>
				<Checkpoint ReferenceId="AUX_BP_OFF">
					<CheckpointDesc SubjectTT="TT:GAME.CHECKLIST_ELECTRIC_FUEL_PUMP" ExpectationTT="TT:GAME.CHECKLIST_OFF"/>
					<Clue name="TT:CLUE.ELECTRIC_FUEL_PUMP_OFF"/>
				</Checkpoint>
				<Checkpoint ReferenceId="DR400_FUEL_PRESSURE_CHECK"/> 
				<Checkpoint ReferenceId="Alternator_On"/>
				<Checkpoint ReferenceId="Voltmeter_Check"/>
				<Checkpoint ReferenceId="DR400_Annunciator_Panel_Clear"/>
				<Checkpoint ReferenceId="DR400_Radio_Master_Switch_On">
					<SetTemplateAction Id="Toggle Avionics Bus" Copilot="True" Condition="TestValueFalse" Once="true" Code="1 (&gt;A:BUS LOOKUP INDEX, Number) (A:BUS CONNECTION ON:2, Bool) 1 (&gt;K:2:ELECTRICAL_EXECUTE_PROCEDURE) (&gt;B:ELECTRICAL_Avionics_Master_Toggle)"/>
					<SetTemplateValue Id="Circuit Avionics">
						<Operator OpType="AND">
							<Val SimVarName="CIRCUIT AVIONICS ON" Units="Boolean"/>
							<Val Code="1 (&gt;A:BUS LOOKUP INDEX, Number) (A:BUS CONNECTION ON:2, Bool)"/>
						</Operator>
					</SetTemplateValue>
				</Checkpoint>
				<Checkpoint ReferenceId="Heading_Indicator_Set"/>
				<Checkpoint ReferenceId="Transponder_Standby">
					<Clue name="TT:CLUE.DR400_TRANSPONDER_STANDBY"/>
				</Checkpoint>
				<Checkpoint ReferenceId="ALTIMETERS_SETTING_CHECK">
					<CheckpointDesc SubjectTT="TT:GAME.CHECKLIST_ALTIMETER" ExpectationTT="TT:GAME.CHECKLIST_CHECK"/>
				</Checkpoint>
			</Page>
		</Step>
		<Step ChecklistStepId="PREFLIGHT_TAXI_OUT">
			<!-- Taxi -->
			<Page SubjectTT="TT:GAME.CHECKLIST_TAXI">
				<Checkpoint ReferenceId="Taxi_Light_As_Required"/>
				<Checkpoint ReferenceId="Landing_Light_As_Required"/>
				<Checkpoint ReferenceId="Navigation_Lights_On"/>
				<Checkpoint ReferenceId="Parking_Brake_Release"/>
				<Checkpoint ReferenceId="Brakes_Test"/>
				<Checkpoint ReferenceId="Rudder_Test"/>
				<Checkpoint ReferenceId="Turn_Coordinator_Check_Working"/>
				<Checkpoint ReferenceId="Heading_Indicator_Check_Working"/>
				<Checkpoint ReferenceId="Compass_Check"/>
				<Checkpoint ReferenceId="Throttle_Adjust_1200_RPM"/>
			</Page>
		</Step>
		<Step ChecklistStepId="FLIGHT_RUNWAY">
			<!-- Run-up 1/3 -->
			<Page SubjectTT="TT:GAME.CHECKLIST_RUN_UP_1">
				<Checkpoint ReferenceId="Parking_Brake_Set"/>
				<Checkpoint ReferenceId="Engine_Gauges_Check_DR400"/>
				<Checkpoint ReferenceId="Mixture_Rich">
					<Clue name="TT:CLUE.DR400_MIXTURE_RICH"/>
				</Checkpoint>
				<Checkpoint ReferenceId="Carb_Heat_Cold"/>
				<Checkpoint ReferenceId="Throttle_Set_2000_RPM"/>
				<Checkpoint ReferenceId="Magneto_150_RPM_Max_Decrease"/>
				<Checkpoint ReferenceId="Magneto_50_RPM_Difference_Max"/>
				<Checkpoint ReferenceId="Magneto_Both"/>
				<Checkpoint ReferenceId="Carb_Heat_APPROX_100_RPM_DECREASE"/>
				<Checkpoint ReferenceId="Carb_Heat_Cold"/>
				<Checkpoint ReferenceId="Vaccuum_Gauge_Check"/>
				<Checkpoint ReferenceId="Engine_Idle_Check_600-700_RPM"/>
				<Checkpoint ReferenceId="Throttle_Adjust_1200_RPM"/>
			</Page>
			<!-- Before take-off -->
			<Page SubjectTT="TT:GAME.CHECKLIST_BEFORE_TAKE_OFF">
				<Checkpoint ReferenceId="Flight_Control_Free_And_Correct">
					<Clue name="TT:CLUE.DR400_FLIGHT_CONTROL_FREE_AND_CORRECT"/>
				</Checkpoint>
				<Checkpoint ReferenceId="FLAPS_TAKEOFF">
					<CheckpointDesc SubjectTT="TT:GAME.CHECKLIST_FLAPS" ExpectationTT="TT:GAME.CHECKLIST_FIRST_NOTCH"/>
					<Clue name="TT:CLUE.DR400_FLAPS_FIRST_NOTCH"/>
				</Checkpoint>
				<Checkpoint ReferenceId="Elevator_Trim_Neutral">
					<CheckpointDesc SubjectTT="TT:GAME.CHECKLIST_ELEVATOR_TRIM" ExpectationTT="TT:GAME.CHECKLIST_SET_FOR_TAKEOFF"/>
					<Clue name="TT:CLUE.DR400_ELEVATOR_TRIM_SET_FOR_TAKEOFF"/>
					<Instrument Id="Indicator_ElevatorTrim"/>
				</Checkpoint>
				<Checkpoint ReferenceId="Mixture_Rich">
					<Clue name="TT:CLUE.DR400_MIXTURE_RICH"/>
				</Checkpoint>
				<Checkpoint ReferenceId="DR400_FUEL_PRESSURE_CHECK"/>
				<Checkpoint ReferenceId="AUX_BP_ON">
					<CheckpointDesc SubjectTT="TT:GAME.CHECKLIST_ELECTRIC_FUEL_PUMP" ExpectationTT="TT:GAME.CHECKLIST_ON"/>
					<Clue name="TT:CLUE.ELECTRIC_FUEL_PUMP_ON"/>
				</Checkpoint>
				<Checkpoint ReferenceId="Carb_Heat_Cold"/>
				<Checkpoint ReferenceId="Magneto_Both"/>
				<Checkpoint ReferenceId="Engine_Gauges_Check_DR400"/>
				<Checkpoint ReferenceId="DR400_Annunciator_Panel_Clear"/>
				<Checkpoint ReferenceId="Transponder_On_Alt">
					<Clue name="TT:CLUE.DR400_TRANSPONDER_ALT"/>
				</Checkpoint>
				<Checkpoint ReferenceId="Heading_Indicator_Set"/>
				<Checkpoint ReferenceId="Landing_Light_On"/>
				<Checkpoint ReferenceId="Parking_Brake_Release"/>
			</Page>
		</Step>
		<Step ChecklistStepId="FLIGHT_TAKEOFF">
			<!-- Normal take-off -->
			<Page SubjectTT="TT:GAME.CHECKLIST_NORMAL_TAKE_OFF">
				<Checkpoint ReferenceId="Throttle_Full_2300_RPM_Min">
					<CheckpointDesc SubjectTT="TT:GAME.CHECKLIST_THROTTLE" ExpectationTT="TT:GAME.CHECKLIST_FULL_2300RPM_MIN"/>
				</Checkpoint>
				<Checkpoint ReferenceId="DR400_Annunciator_Panel_Clear"/>
				<Checkpoint ReferenceId="Airspeed_Indicator_Check_Working"/>
				<Checkpoint ReferenceId="Airspeed_Greater">
					<Clue name="TT:CLUE.LIFT_NOSEWHEEL_100KMH"/>
					<CheckpointDesc SubjectTT="TT:GAME.CHECKLIST_LIFT_NOSEWHEEL" ExpectationTT="TT:GAME.CHECKLIST_100_KMH"/>
					<SetTemplateValue Id="Min Airspeed" Value="100"/>
					<SetTemplateValue Id="Airspeed indicated">
						<Val SimVarName="AIRSPEED INDICATED" Units="kilometer per hour"/>
					</SetTemplateValue>
				</Checkpoint>
				<Checkpoint ReferenceId="Airspeed_Between">
					<Clue name="TT:CLUE.INITIAL_CLIMB_130KMH"/>
					<Feedback name="TT:FEEDBACK.REQUIRED_SPEED"/>
					<CheckpointDesc SubjectTT="TT:GAME.CHECKLIST_INITIAL_CLIMB" ExpectationTT="TT:GAME.CHECKLIST_130_KMH"/>
					<SetTemplateValue Id="Min Airspeed" Value="125"/>
					<SetTemplateValue Id="Max Airspeed" Value="135"/>
					<SetTemplateValue Id="Airspeed indicated">
						<Val SimVarName="AIRSPEED INDICATED" Units="kilometer per hour"/>
					</SetTemplateValue>
				</Checkpoint>
				<Checkpoint ReferenceId="Flaps_Up_Above_300_Ft">
					<Clue name="TT:CLUE.DR400_FLAPS_UP_ABOVE_300_FT"/>
				</Checkpoint>
				<Checkpoint ReferenceId="AUX_BP_OFF">
					<CheckpointDesc SubjectTT="TT:GAME.CHECKLIST_ELECTRIC_FUEL_PUMP" ExpectationTT="TT:GAME.CHECKLIST_OFF"/>
					<Clue name="TT:CLUE.ELECTRIC_FUEL_PUMP_OFF"/>
				</Checkpoint>
				<Checkpoint ReferenceId="Lights_Off_Above_1000_Ft"/>
			</Page>
			<!-- Enroute climb -->
			<Page SubjectTT="TT:GAME.CHECKLIST_ENROUTE_CLIMB">
				<Checkpoint ReferenceId="Throttle_Full"/>
				<Checkpoint ReferenceId="Airspeed_Between">
					<Clue name="TT:CLUE.AIRSPEED_150KMH_ENROUTE"/>
					<Feedback name="TT:FEEDBACK.REQUIRED_SPEED"/>
					<CheckpointDesc SubjectTT="TT:GAME.CHECKLIST_AIRSPEED" ExpectationTT="TT:GAME.CHECKLIST_150_KMH"/>
					<SetTemplateValue Id="Min Airspeed" Value="145"/>
					<SetTemplateValue Id="Max Airspeed" Value="155"/>
					<SetTemplateValue Id="Airspeed indicated">
						<Val SimVarName="AIRSPEED INDICATED" Units="kilometer per hour"/>
					</SetTemplateValue>
				</Checkpoint>
				<Checkpoint ReferenceId="Engine_Gauges_Check_DR400"/>
			</Page>
		</Step>
		<Step ChecklistStepId="FLIGHT_CRUISE">
			<!-- Cruise -->
			<Page SubjectTT="TT:GAME.CHECKLIST_CRUISE">
				<Checkpoint ReferenceId="Throttle_2500_RPM"/>
				<Checkpoint ReferenceId="Elevator_Trim_Set"/>
				<Checkpoint ReferenceId="Engine_Gauges_Check_DR400"/>
				<Checkpoint ReferenceId="Flight_Instruments_Check_Cruise"/>
			</Page>
		</Step>
		<Step ChecklistStepId="FLIGHT_DESCENT">
			<!-- Descent -->
			<Page SubjectTT="TT:GAME.CHECKLIST_DESCENT">
				<Checkpoint ReferenceId="Flight_Instruments_Check_Descent"/>
				<Checkpoint ReferenceId="Airspeed_Between">
					<Clue name="TT:CLUE.AIRSPEED_150KMH_DESCENT"/>
					<Feedback name="TT:FEEDBACK.REQUIRED_SPEED"/>
					<CheckpointDesc SubjectTT="TT:GAME.CHECKLIST_AIRSPEED" ExpectationTT="TT:GAME.CHECKLIST_150_KMH"/>
					<SetTemplateValue Id="Min Airspeed" Value="145"/>
					<SetTemplateValue Id="Max Airspeed" Value="155"/>
					<SetTemplateValue Id="Airspeed indicated">
						<Val SimVarName="AIRSPEED INDICATED" Units="kilometer per hour"/>
					</SetTemplateValue>
				</Checkpoint>
				<Checkpoint ReferenceId="Carb_Heat_As_required"/>
				<Checkpoint ReferenceId="Approach_Brief_Complete"/>
			</Page>
		</Step>
		<Step ChecklistStepId="LANDING_APPROACH">
			<!-- Before landing -->
			<Page SubjectTT="TT:GAME.CHECKLIST_BEFORE_LANDING">
				<Checkpoint ReferenceId="Flaps_Down">
					<Clue name="TT:CLUE.DR400_FLAPS_DOWN"/>
				</Checkpoint>
				<Checkpoint ReferenceId="AUX_BP_ON">
					<CheckpointDesc SubjectTT="TT:GAME.CHECKLIST_ELECTRIC_FUEL_PUMP" ExpectationTT="TT:GAME.CHECKLIST_ON"/>
					<Clue name="TT:CLUE.ELECTRIC_FUEL_PUMP_ON"/>
				</Checkpoint>
				<Checkpoint ReferenceId="Landing_Light_On"/>
				<Checkpoint ReferenceId="Airspeed_Between">
					<Clue name="TT:CLUE.AIRSPEED_130KMH_APPROACH"/>
					<Feedback name="TT:FEEDBACK.REQUIRED_SPEED"/>
					<CheckpointDesc SubjectTT="TT:GAME.CHECKLIST_AIRSPEED" ExpectationTT="TT:GAME.CHECKLIST_130_KMH"/>
					<SetTemplateValue Id="Min Airspeed" Value="125"/>
					<SetTemplateValue Id="Max Airspeed" Value="135"/>
					<SetTemplateValue Id="Airspeed indicated">
						<Val SimVarName="AIRSPEED INDICATED" Units="kilometer per hour"/>
					</SetTemplateValue>
				</Checkpoint>
			</Page>
		</Step>
		<Step ChecklistStepId="LANDING_TOUCHDOWN">
			<!-- landing -->
			<Page SubjectTT="TT:GAME.CHECKLIST_LANDING">
				<Checkpoint ReferenceId="Flaps_Down">
					<Clue name="TT:CLUE.DR400_FLAPS_DOWN"/>
				</Checkpoint>
				<Checkpoint ReferenceId="Airspeed_Between">
					<Clue name="TT:CLUE.AIRSPEED_120KMH_FINAL_APPROACH"/>
					<Feedback name="TT:FEEDBACK.REQUIRED_SPEED"/>
					<CheckpointDesc SubjectTT="TT:GAME.CHECKLIST_FINAL_APPROACH_AIRSPEED" ExpectationTT="TT:GAME.CHECKLIST_120_KMH"/>
					<SetTemplateValue Id="Min Airspeed" Value="115"/>
					<SetTemplateValue Id="Max Airspeed" Value="125"/>
					<SetTemplateValue Id="Airspeed indicated">
						<Val SimVarName="AIRSPEED INDICATED" Units="kilometer per hour"/>
					</SetTemplateValue>
				</Checkpoint>
				<Checkpoint ReferenceId="Touchdown_Airspeed_Slowest_As_Possible"/>
				<Checkpoint ReferenceId="Touchdown_Main_First"/>
				<Checkpoint ReferenceId="Landing_Roll_Lower_Nose_Gently"/>
				<Checkpoint ReferenceId="Braking_Minimum_Required"/>
			</Page>
		</Step>
		<Step ChecklistStepId="LANDING_GROUNDROLL">
			<!-- After landing -->
			<Page SubjectTT="TT:GAME.CHECKLIST_AFTER_LANDING">
				<Checkpoint ReferenceId="Flaps_0">
					<CheckpointDesc SubjectTT="TT:GAME.CHECKLIST_FLAPS" ExpectationTT="TT:GAME.CHECKLIST_UP"/>
					<Clue name="TT:CLUE.DR400_FLAPS_UP"/>
				</Checkpoint>
				<Checkpoint ReferenceId="AUX_BP_OFF">
					<CheckpointDesc SubjectTT="TT:GAME.CHECKLIST_ELECTRIC_FUEL_PUMP" ExpectationTT="TT:GAME.CHECKLIST_OFF"/>
					<Clue name="TT:CLUE.ELECTRIC_FUEL_PUMP_OFF"/>
				</Checkpoint>
				<Checkpoint ReferenceId="Transponder_Off">
					<Clue name="TT:CLUE.DR400_TRANSPONDER_OFF"/>
				</Checkpoint>
				<Checkpoint ReferenceId="Landing_Light_Off"/>
				<Checkpoint ReferenceId="Taxi_Light_As_required"/>
			</Page>
		</Step>
		<Step ChecklistStepId="LANDING_TAXI_IN">
		</Step>
		<Step ChecklistStepId="LANDING_GATE">
			<!-- Parking -->
			<Page SubjectTT="TT:GAME.CHECKLIST_PARKING">
				<Checkpoint ReferenceId="Parking_Brake_Set"/>
				
				<Checkpoint ReferenceId="Throttle_Adjust_1200_RPM"/>
				<Checkpoint ReferenceId="Magneto_Cut-off_Test"/>
				
				
				
				<Checkpoint ReferenceId="Mixture_Lean">
					<CheckpointDesc SubjectTT="TT:GAME.CHECKLIST_MIXTURE" ExpectationTT="TT:GAME.CHECKLIST_FULL_LEAN"/>
					<Clue name="TT:CLUE.DR400_MIXTURE_CUTOFF"/>
				</Checkpoint>
				
				<Checkpoint ReferenceId="Magnetos_Off"/>
				<Checkpoint ReferenceId="Alternator_Off"/>
				
				<Checkpoint ReferenceId="Radios_Off"/>
				<Checkpoint Id="Avionics_Bus_Switch_Off">
					<!-- avionics master switch CP for electrical KH planes -->
					<SetTemplateValue Id="Circuit Avionics">
						<Val SimVarName="CIRCUIT AVIONICS ON" Units="Boolean"/>
					</SetTemplateValue>
					<SetTemplateAction Id="Toggle Avionics Bus" Copilot="True" Condition="TestValueFalse" Once="true" Code="(&gt;B:ELECTRICAL_Avionics_Master_Toggle)"/>
					<!--	NOTE : Avionics circuit's id  varies depending on the plane and can be found in systems.cfg
					In case the switch is linked to several circuits, add them all one after the other in the Code description. 	-->
					<CheckpointDesc SubjectTT="TT:GAME.CHECKLIST_AVIONICS_MASTER_SWITCH" ExpectationTT="TT:GAME.CHECKLIST_OFF"/>
					<Test>
						<TestValue>
							<Operator OpType="NOT">
								<Val UseTemplateValue="Circuit Avionics"/>
							</Operator>
						</TestValue>
						<Action UseTemplateAction="Toggle Avionics Bus"/>
						<Instrument Id="ELECTRICAL_Switch_Avionics_Master"/>
					</Test>
					<ForceCamera name="Navigation"/>
				</Checkpoint>
				
				<Checkpoint ReferenceId="Battery_Switch_Off">
					<CheckpointDesc SubjectTT="TT:GAME.CHECKLIST_BATTERY_MASTER_SWITCH" ExpectationTT="TT:GAME.CHECKLIST_OFF"/>
					<Clue name="TT:CLUE.BATTERY_MASTER_SWITCH_OFF"/>
				</Checkpoint>
				
				
				
			</Page>
			<!-- Securing-->
			<Page SubjectTT="TT:GAME.CHECKLIST_SECURING">
				
				<Checkpoint ReferenceId="ALL_ELECTRICAL_EQUIPMENT_OFF_DR400">
					<ForceCamera name="Pilot"/>
				</Checkpoint>
				<Checkpoint ReferenceId="Flaps_Down">
					<Clue name="TT:CLUE.DR400_FLAPS_DOWN"/>
				</Checkpoint>
			</Page>
		</Step>
	</Checklist.Checklist>
</SimBase.Document>
