{
  "content": [
    {
      "path": "effects/fx_((.fx",
      "size": 1305,
      "date": 133193757978791283
    },
    {
      "path": "effects/fx_LED((.fx",
      "size": 1300,
      "date": 133193757978845750
    },
    {
      "path": "effects/LIGHT_AS-A320_NEO_BeaconBelly.fx",
      "size": 4655,
      "date": 133193757979804036
    },
    {
      "path": "effects/LIGHT_AS-A320_NEO_BeaconBellyup.fx",
      "size": 1256,
      "date": 133296523653539314
    },
    {
      "path": "effects/LIGHT_AS-A320_NEO_BeaconTop.fx",
      "size": 4669,
      "date": 133193757979910642
    },
    {
      "path": "effects/LIGHT_AS-A320_NEO_BeaconTopdown.fx",
      "size": 1252,
      "date": 133296523653623106
    },
    {
      "path": "effects/LIGHT_AS-A320_NEO_LandingLarge\u002B.fx",
      "size": 1317,
      "date": 133193757980000644
    },
    {
      "path": "effects/LIGHT_AS-A320_NEO_LandingLarge.fx",
      "size": 4883,
      "date": 133256128494004208
    },
    {
      "path": "effects/LIGHT_AS-A320_NEO_LogoLightLarge.fx",
      "size": 3697,
      "date": 133193757980111404
    },
    {
      "path": "effects/LIGHT_AS-A320_NEO_NavigationGreen.fx",
      "size": 3529,
      "date": 133193757980141412
    },
    {
      "path": "effects/LIGHT_AS-A320_NEO_NavigationRed.fx",
      "size": 3508,
      "date": 133193757980211415
    },
    {
      "path": "effects/LIGHT_AS-A320_NEO_NavigationWhite.fx",
      "size": 3883,
      "date": 133193757980278903
    },
    {
      "path": "effects/LIGHT_AS-A320_NEO_StrobeDouble.fx",
      "size": 7339,
      "date": 133193757980338924
    },
    {
      "path": "effects/LIGHT_AS-A320_NEO_StrobeSimple.fx",
      "size": 3534,
      "date": 133193757980388942
    },
    {
      "path": "effects/LIGHT_AS-A320_NEO_TakeOff\u002B.fx",
      "size": 1317,
      "date": 133193757980446686
    },
    {
      "path": "effects/LIGHT_AS-A320_NEO_TakeOff.fx",
      "size": 4883,
      "date": 133256128712588868
    },
    {
      "path": "effects/LIGHT_AS-A320_NEO_TaxiLarge.fx",
      "size": 4874,
      "date": 133256129047455445
    },
    {
      "path": "effects/LIGHT_AS-A320_NEO_WingLarge.FX",
      "size": 3908,
      "date": 133193757980629030
    },
    {
      "path": "effects/LIGHT_AS-B787-10_BeaconBelly.fx",
      "size": 4663,
      "date": 133201496494019869
    },
    {
      "path": "effects/LIGHT_AS-B787-10_BeaconBellyup.fx",
      "size": 1255,
      "date": 133296523653633101
    },
    {
      "path": "effects/LIGHT_AS-B787-10_BeaconTop.fx",
      "size": 4677,
      "date": 133201496493801916
    },
    {
      "path": "effects/LIGHT_AS-B787-10_BeaconTopdown.fx",
      "size": 1251,
      "date": 133296523653643108
    },
    {
      "path": "effects/LIGHT_AS-B787-10_LandingLarge\u002B.fx",
      "size": 1317,
      "date": 133193757980902338
    },
    {
      "path": "effects/LIGHT_AS-B787-10_LandingLarge.fx",
      "size": 4881,
      "date": 133193757980962329
    },
    {
      "path": "effects/LIGHT_AS-B787-10_LogoLightLarge.fx",
      "size": 3689,
      "date": 133193757981021249
    },
    {
      "path": "effects/LIGHT_AS-B787-10_NavigationGreen.fx",
      "size": 3548,
      "date": 133193757981081249
    },
    {
      "path": "effects/LIGHT_AS-B787-10_NavigationRed.fx",
      "size": 3523,
      "date": 133193757981141249
    },
    {
      "path": "effects/LIGHT_AS-B787-10_NavigationWhite.fx",
      "size": 3903,
      "date": 133193757981210223
    },
    {
      "path": "effects/LIGHT_AS-B787-10_StrobeSimple.fx",
      "size": 3545,
      "date": 133201821251566264
    },
    {
      "path": "effects/LIGHT_AS-B787-10_TaxiLarge.fx",
      "size": 4874,
      "date": 133193757981320266
    },
    {
      "path": "effects/LIGHT_AS-B787-10_WingLarge.FX",
      "size": 3904,
      "date": 133193757981380334
    },
    {
      "path": "effects/LIGHT_ASOBO_BeaconBelly.fx",
      "size": 4682,
      "date": 133193757981440314
    },
    {
      "path": "effects/LIGHT_ASOBO_BeaconBellyOmni.fx",
      "size": 4684,
      "date": 133193757981500331
    },
    {
      "path": "effects/LIGHT_ASOBO_BeaconBellyup.fx",
      "size": 2021,
      "date": 133296523653663137
    },
    {
      "path": "effects/LIGHT_ASOBO_BeaconTop.fx",
      "size": 4692,
      "date": 133193757981624384
    },
    {
      "path": "effects/LIGHT_ASOBO_BeaconTopdown.fx",
      "size": 1255,
      "date": 133296523653683093
    },
    {
      "path": "effects/LIGHT_ASOBO_Landing\u002B.fx",
      "size": 1271,
      "date": 133193757981711443
    },
    {
      "path": "effects/LIGHT_ASOBO_Landing.fx",
      "size": 4690,
      "date": 133193757981771433
    },
    {
      "path": "effects/LIGHT_ASOBO_LandingBelly\u002B.fx",
      "size": 1277,
      "date": 133193757981821432
    },
    {
      "path": "effects/LIGHT_ASOBO_LandingBelly.fx",
      "size": 4720,
      "date": 133193757981881432
    },
    {
      "path": "effects/LIGHT_ASOBO_LandingBellypulse\u002B.fx",
      "size": 1275,
      "date": 133193757981935738
    },
    {
      "path": "effects/LIGHT_ASOBO_LandingBellypulse.fx",
      "size": 4712,
      "date": 133193757981994551
    },
    {
      "path": "effects/LIGHT_ASOBO_LandingLarge\u002B.fx",
      "size": 1319,
      "date": 133193757982054534
    },
    {
      "path": "effects/LIGHT_ASOBO_LandingLarge.fx",
      "size": 4883,
      "date": 133193757982114542
    },
    {
      "path": "effects/LIGHT_ASOBO_LandingOld.fx",
      "size": 4692,
      "date": 133193757982167442
    },
    {
      "path": "effects/LIGHT_ASOBO_LandingPulse.fx",
      "size": 4664,
      "date": 133193757982234188
    },
    {
      "path": "effects/LIGHT_ASOBO_LogoLight.fx",
      "size": 3690,
      "date": 133193757982294213
    },
    {
      "path": "effects/LIGHT_ASOBO_LogoLightLarge.fx",
      "size": 3693,
      "date": 133193757982324206
    },
    {
      "path": "effects/LIGHT_ASOBO_NavigationGreen.fx",
      "size": 3537,
      "date": 133193757982384205
    },
    {
      "path": "effects/LIGHT_ASOBO_NavigationRed.fx",
      "size": 3514,
      "date": 133193757982442681
    },
    {
      "path": "effects/LIGHT_ASOBO_NavigationWhite.fx",
      "size": 3524,
      "date": 133193757982502684
    },
    {
      "path": "effects/LIGHT_ASOBO_Recognition.fx",
      "size": 4707,
      "date": 133193757982552676
    },
    {
      "path": "effects/LIGHT_ASOBO_StrobeBelly.fx",
      "size": 3555,
      "date": 133193757982613991
    },
    {
      "path": "effects/LIGHT_ASOBO_StrobeDouble.fx",
      "size": 7369,
      "date": 133193757982683969
    },
    {
      "path": "effects/LIGHT_ASOBO_StrobeSimple.fx",
      "size": 3539,
      "date": 133193757982734012
    },
    {
      "path": "effects/LIGHT_ASOBO_StrobeTop.fx",
      "size": 3565,
      "date": 133193757982798164
    },
    {
      "path": "effects/LIGHT_ASOBO_Taxi.fx",
      "size": 4606,
      "date": 133193757982848166
    },
    {
      "path": "effects/LIGHT_ASOBO_TaxiBelly\u002B.fx",
      "size": 1328,
      "date": 133193757982908177
    },
    {
      "path": "effects/LIGHT_ASOBO_TaxiBelly.fx",
      "size": 4935,
      "date": 133193757982965650
    },
    {
      "path": "effects/LIGHT_ASOBO_TaxiLarge.fx",
      "size": 4877,
      "date": 133193757983025649
    },
    {
      "path": "effects/LIGHT_ASOBO_TBM930_IceLight.fx",
      "size": 3884,
      "date": 133193757983075668
    },
    {
      "path": "effects/LIGHT_ASOBO_TBM930_Pulse.fx",
      "size": 4890,
      "date": 133193757983140802
    },
    {
      "path": "effects/LIGHT_ASOBO_TBM930_Recognition.fx",
      "size": 3529,
      "date": 133193757983198155
    },
    {
      "path": "effects/LIGHT_ASOBO_TBM930_StrobeTailStatic.fx",
      "size": 3543,
      "date": 133193757983258152
    },
    {
      "path": "effects/LIGHT_ASOBO_Wing.FX",
      "size": 3906,
      "date": 133193757983323239
    },
    {
      "path": "effects/LIGHT_ASOBO_WingLarge.FX",
      "size": 3908,
      "date": 133193757983344281
    },
    {
      "path": "effects/LIGHT_B737_BeaconBelly.fx",
      "size": 2395,
      "date": 133193757983404286
    },
    {
      "path": "effects/LIGHT_B737_BeaconBellyup.fx",
      "size": 1264,
      "date": 133296523653693123
    },
    {
      "path": "effects/LIGHT_B737_BeaconTop.fx",
      "size": 2401,
      "date": 133193757983514303
    },
    {
      "path": "effects/LIGHT_B737_BeaconTopdown.fx",
      "size": 1260,
      "date": 133296523653713106
    },
    {
      "path": "effects/LIGHT_B737_Landing.fx",
      "size": 2497,
      "date": 133256130557962452
    },
    {
      "path": "effects/LIGHT_B737_LandingLarge\u002B.fx",
      "size": 1313,
      "date": 133241657977878089
    },
    {
      "path": "effects/LIGHT_B737_LandingLarge.fx",
      "size": 2496,
      "date": 133256130557972566
    },
    {
      "path": "effects/LIGHT_B737_LandingLargeLED.fx",
      "size": 2487,
      "date": 133193757983772059
    },
    {
      "path": "effects/LIGHT_B737_LEDStrobe_Refl.fx",
      "size": 1258,
      "date": 133193757983822075
    },
    {
      "path": "effects/LIGHT_B737_LogoLightLarge.fx",
      "size": 2493,
      "date": 133193757983882060
    },
    {
      "path": "effects/LIGHT_B737_NavigationGreen.fx",
      "size": 2397,
      "date": 133256191244550916
    },
    {
      "path": "effects/LIGHT_B737_NavigationRed.fx",
      "size": 2385,
      "date": 133256191244530924
    },
    {
      "path": "effects/LIGHT_B737_NavigationWhite.fx",
      "size": 2628,
      "date": 133256191244490929
    },
    {
      "path": "effects/LIGHT_B737_NAVWhite_Refl.fx",
      "size": 1216,
      "date": 133168104223542632
    },
    {
      "path": "effects/LIGHT_B737_StrobeSimple.fx",
      "size": 3549,
      "date": 133193757984149196
    },
    {
      "path": "effects/LIGHT_B737_StrobeSimpleold.fx",
      "size": 3547,
      "date": 133193757984209192
    },
    {
      "path": "effects/LIGHT_B737_StrobeSimpleTail.fx",
      "size": 3545,
      "date": 133193757984262850
    },
    {
      "path": "effects/LIGHT_B737_Strobe_Refl.fx",
      "size": 1254,
      "date": 133193757984312837
    },
    {
      "path": "effects/LIGHT_B737_TaxiLarge.fx",
      "size": 2488,
      "date": 133256130528876252
    },
    {
      "path": "effects/LIGHT_B737_TaxiLargeLED.fx",
      "size": 2490,
      "date": 133193757984427263
    },
    {
      "path": "effects/LIGHT_B737_turnoff.fx",
      "size": 2487,
      "date": 133256130557920608
    },
    {
      "path": "effects/LIGHT_B737_turnoffLED.fx",
      "size": 2490,
      "date": 133193757984547249
    },
    {
      "path": "effects/LIGHT_B737_Wheel.fx",
      "size": 1317,
      "date": 133193757984600238
    },
    {
      "path": "effects/LIGHT_B737_WingLarge.FX",
      "size": 2635,
      "date": 133193757984650234
    },
    {
      "path": "effects/LIGHT_B747_8i_BeaconBelly.fx",
      "size": 4694,
      "date": 133193757984710245
    },
    {
      "path": "effects/LIGHT_B747_8i_BeaconBellyup.fx",
      "size": 1261,
      "date": 133296523653733105
    },
    {
      "path": "effects/LIGHT_B747_8i_BeaconTop.fx",
      "size": 4696,
      "date": 133193757984836290
    },
    {
      "path": "effects/LIGHT_B747_8i_BeaconTopdown.fx",
      "size": 1259,
      "date": 133296523653743109
    },
    {
      "path": "effects/LIGHT_B747_8i_LandingLarge\u002B.fx",
      "size": 1319,
      "date": 133193757984946393
    },
    {
      "path": "effects/LIGHT_B747_8i_LandingLarge.fx",
      "size": 4883,
      "date": 133193757985006409
    },
    {
      "path": "effects/LIGHT_B747_8i_LogoLightLarge.fx",
      "size": 3693,
      "date": 133193757985046391
    },
    {
      "path": "effects/LIGHT_B747_8i_NavigationGreen.fx",
      "size": 3544,
      "date": 133193757985096613
    },
    {
      "path": "effects/LIGHT_B747_8i_NavigationRed.fx",
      "size": 3523,
      "date": 133193757985153270
    },
    {
      "path": "effects/LIGHT_B747_8i_NavigationWhite.fx",
      "size": 3903,
      "date": 133193757985213177
    },
    {
      "path": "effects/LIGHT_B747_8i_StrobeSimple.fx",
      "size": 3553,
      "date": 133193757985273177
    },
    {
      "path": "effects/LIGHT_B747_8i_TaxiLarge.fx",
      "size": 4877,
      "date": 133193757985333175
    },
    {
      "path": "effects/LIGHT_B747_8i_WingLarge.FX",
      "size": 3908,
      "date": 133193757985371236
    },
    {
      "path": "effects/LIGHT_CSMASTB7_BeaconBelly.fx",
      "size": 4689,
      "date": 133193757985421237
    },
    {
      "path": "effects/LIGHT_CSMASTB7_BeaconTop.fx",
      "size": 4703,
      "date": 133193757985491210
    },
    {
      "path": "effects/LIGHT_CSMASTB7_BeaconTopdown.fx",
      "size": 1264,
      "date": 133296523653603109
    },
    {
      "path": "effects/LIGHT_CSMASTB7_LandingLarge\u002B.fx",
      "size": 1288,
      "date": 133168104224456971
    },
    {
      "path": "effects/LIGHT_CSMASTB7_LandingLarge.fx",
      "size": 4881,
      "date": 133193757985648392
    },
    {
      "path": "effects/LIGHT_CSMASTB7_LogoLightLarge.fx",
      "size": 3698,
      "date": 133193757985688380
    },
    {
      "path": "effects/LIGHT_CSMASTB7_NavigationGreen.fx",
      "size": 3544,
      "date": 133193757985718583
    },
    {
      "path": "effects/LIGHT_CSMASTB7_NavigationRed.fx",
      "size": 3523,
      "date": 133193757985758579
    },
    {
      "path": "effects/LIGHT_CSMASTB7_NavigationWhite.fx",
      "size": 3903,
      "date": 133193757985790089
    },
    {
      "path": "effects/LIGHT_CSMASTB7_StrobeSimple.fx",
      "size": 3561,
      "date": 133193757985854209
    },
    {
      "path": "effects/LIGHT_CSMASTB7_TaxiLarge.fx",
      "size": 4870,
      "date": 133193757985904220
    },
    {
      "path": "effects/LIGHT_CSMASTB7_WingLarge.FX",
      "size": 3912,
      "date": 133193757985964207
    },
    {
      "path": "effects/LIGHT_MSPC6_BeaconBelly.fx",
      "size": 4688,
      "date": 133193757986021168
    },
    {
      "path": "effects/LIGHT_MSPC6_BeaconTop.fx",
      "size": 4694,
      "date": 133193757986091139
    },
    {
      "path": "effects/LIGHT_Newlight_H135_BeaconTop.fx",
      "size": 4669,
      "date": 133193757986121165
    },
    {
      "path": "effects/LIGHT_Newlight_H135_Landing.fx",
      "size": 4691,
      "date": 133193757986179611
    },
    {
      "path": "effects/LIGHT_Newlight_H135_Spotlight.fx",
      "size": 4792,
      "date": 133193757986219592
    },
    {
      "path": "effects/LIGHT_Newlight_H135_StrobeSimple.fx",
      "size": 3542,
      "date": 133193757986279646
    },
    {
      "path": "effects/LIGHT_Newlight_Landing icon5.fx",
      "size": 4683,
      "date": 133193757986376189
    },
    {
      "path": "effects/LIGHT_Newlight_StrobeSimplegreen.fx",
      "size": 4695,
      "date": 133193757986461040
    },
    {
      "path": "effects/LIGHT_Newlight_StrobeSimplered.fx",
      "size": 4673,
      "date": 133193757986571524
    },
    {
      "path": "effects/LIGHT_Newlight_StrobetripleD.fx",
      "size": 11223,
      "date": 133193757986631527
    },
    {
      "path": "effects/LIGHT_Newlight_StrobetripleG.fx",
      "size": 11223,
      "date": 133193757986696393
    },
    {
      "path": "effects/LIGHT_Newlight_Taxi icon5.fx",
      "size": 4584,
      "date": 133193757986746419
    },
    {
      "path": "effects/NEWLIGHT_CRJ_StrobeSimple.fx",
      "size": 3534,
      "date": 133193757980388942
    },
    {
      "path": "effects/texture/BeaconDown.dds",
      "size": 1048704,
      "date": 133029571896922694
    },
    {
      "path": "effects/texture/BeaconDown.DDS.json",
      "size": 119,
      "date": 132710849880000000
    },
    {
      "path": "effects/texture/flare.dds",
      "size": 1048704,
      "date": 133029570038502488
    },
    {
      "path": "effects/texture/FLARE.DDS.json",
      "size": 119,
      "date": 133060618209736974
    },
    {
      "path": "effects/texture/FLASHLIGHT.dds",
      "size": 1048704,
      "date": 133059003231607021
    },
    {
      "path": "effects/texture/FLASHLIGHT.DDS.json",
      "size": 102,
      "date": 133058935916438768
    },
    {
      "path": "effects/texture/FLASHLIGHTMASK2.TIF.dds",
      "size": 1048704,
      "date": 133104780815167398
    },
    {
      "path": "effects/texture/FLASHLIGHTMASK2.TIF.DDS.json",
      "size": 102,
      "date": 133105082747719504
    },
    {
      "path": "effects/texture/LIGHT.dds",
      "size": 1048704,
      "date": 133033189028925542
    },
    {
      "path": "effects/texture/LIGHT.DDS.json",
      "size": 119,
      "date": 133021146506178945
    },
    {
      "path": "effects/texture/LIGHTLanding-belly.dds",
      "size": 1048704,
      "date": 133152396522889634
    },
    {
      "path": "effects/texture/LIGHTLANDING-BELLY.DDS.json",
      "size": 102,
      "date": 132748322040000000
    },
    {
      "path": "effects/texture/LIGHTLanding-L.dds",
      "size": 1048704,
      "date": 133152396447597969
    },
    {
      "path": "effects/texture/LIGHTLANDING-L.DDS.json",
      "size": 102,
      "date": 132748322040000000
    },
    {
      "path": "effects/texture/LIGHTLanding.dds",
      "size": 1048704,
      "date": 133152396585283573
    },
    {
      "path": "effects/texture/LIGHTLANDING.DDS.json",
      "size": 102,
      "date": 132649836900000000
    },
    {
      "path": "effects/texture/LIGHTLED.dds",
      "size": 1048704,
      "date": 133059003368201974
    },
    {
      "path": "effects/texture/LIGHTLED.DDS.json",
      "size": 119,
      "date": 132939807252455327
    },
    {
      "path": "effects/texture/LIGHTLED2.dds",
      "size": 65664,
      "date": 133020069075746032
    },
    {
      "path": "effects/texture/LIGHTLED2.DDS.json",
      "size": 119,
      "date": 133020153177288547
    },
    {
      "path": "effects/texture/LIGHTold.dds",
      "size": 1048704,
      "date": 133029570456882746
    },
    {
      "path": "effects/texture/LIGHTOLD.DDS.json",
      "size": 119,
      "date": 132775064580000000
    },
    {
      "path": "effects/texture/LIGHTtaxy-belly.dds",
      "size": 1048704,
      "date": 133152396345163893
    },
    {
      "path": "effects/texture/LIGHTTAXY-BELLY.DDS.json",
      "size": 102,
      "date": 132748324640000000
    },
    {
      "path": "effects/texture/LIGHTtaxy-L.dds",
      "size": 1048704,
      "date": 133152396288768993
    },
    {
      "path": "effects/texture/LIGHTTAXY-L.DDS.json",
      "size": 102,
      "date": 132748322040000000
    },
    {
      "path": "effects/texture/LIGHTtaxy.dds",
      "size": 1048704,
      "date": 133152396390355237
    },
    {
      "path": "effects/texture/LIGHTTAXY.DDS.json",
      "size": 102,
      "date": 132649836980000000
    },
    {
      "path": "effects/texture/LIGHTWing.dds",
      "size": 1048704,
      "date": 133030717693037940
    },
    {
      "path": "effects/texture/LIGHTWING.DDS.json",
      "size": 119,
      "date": 132939721389441957
    },
    {
      "path": "effects/texture/TX-((.dds",
      "size": 1048704,
      "date": 132977775047801745
    },
    {
      "path": "effects/texture/TX-((.DDS.json",
      "size": 102,
      "date": 132977881078639051
    },
    {
      "path": "effects/texture/TX-ALLO.dds",
      "size": 1048704,
      "date": 133121132565052800
    },
    {
      "path": "effects/texture/TX-ALLO.DDS.json",
      "size": 119,
      "date": 132622815780000000
    },
    {
      "path": "effects/texture/TX-STROBE.dds",
      "size": 1048704,
      "date": 133029572251145760
    },
    {
      "path": "effects/texture/TX-STROBE.DDS.json",
      "size": 119,
      "date": 133029956663251605
    }
  ]
}