<?xml version="1.0" encoding="Windows-1252"?>
<SimBase.Document Type="Checklist" version="1,0">
	<Checklist.Checklist>
		<IncludeCheckpointLibrary FileName="CheckpointsLibrary\\Asobo_DefaultCheckpointLibrary.xml"/>
		<IncludeCheckpointLibrary FileName="SimObjects\\Airplanes\\Asobo_Savage_Cub\\Checklist\\Library.xml"/>
		<Step ChecklistStepId="PREFLIGHT_GATE">
			<!-- Before starting engine -->
			<Page SubjectTT="TT:GAME.CHECKLIST_BEFORE_STARTING_ENGINE">
				<Checkpoint ReferenceId="Brakes_Test_And_Set_No_Parking_Brake">
					<ForceCamera name="Checklist01"/>
					<Instrument Id="HANDLING_RudderPedals_Brake"/>
				</Checkpoint>
				<Checkpoint ReferenceId="Savage_Cub_CHOKE_ON_FULLY_PULLED">
					<ForceCamera name="Instruments01"/>
				</Checkpoint>
				<Checkpoint ReferenceId="POWER_LEVER_IDLE">
					<CheckpointDesc SubjectTT="TT:GAME.CHECKLIST_THROTTLE" ExpectationTT="TT:GAME.CHECKLIST_CLOSED"/>
					<ForceCamera name="Instruments02"/>
				</Checkpoint>
				<Checkpoint ReferenceId="Master_Switch_On">
					<Clue name="TT:CLUE.MASTER_SWITCH_KEY"/>
					<ForceCamera name="Instruments01"/>
					<Instrument Id="Electrical_Knob_Master"/>
				</Checkpoint>
			</Page>
			<!-- Starting Engine -->
			<Page SubjectTT="TT:GAME.CHECKLIST_STARTING_ENGINE">
				<Checkpoint ReferenceId="Magneto_Both">
					<CheckpointDesc SubjectTT="TT:GAME.CHECKLIST_IGNITION_SWITCHES" ExpectationTT="TT:GAME.CHECKLIST_ON"/>
					<Clue name="TT:CLUE.IGNITION_SWITCHES"/>
					<ForceCamera name="Instruments01"/>
				</Checkpoint>
				<Checkpoint ReferenceId="STARTER_ON">
					<CheckpointDesc SubjectTT="TT:GAME.CHECKLIST_START" ExpectationTT="TT:GAME.CHECKLIST_TURN_KEY"/>
					<Clue name="TT:CLUE.KEY_START"/>
					<Instrument Id="Electrical_Knob_Master"/>
					<ForceCamera name="Instruments01"/>
				</Checkpoint>
				<Checkpoint ReferenceId="Throttle_Adjust_DESIRED_RPM">
					<CheckpointDesc SubjectTT="TT:GAME.CHECKLIST_THROTTLE" ExpectationTT="TT:GAME.CHECKLIST_SET_1400_2000_RPM"/>
					<Clue name="TT:CLUE.THROTTLE_SET_1400_2000_RPM"/>
					<SetTemplateValue Id="DesiredRPM_MIN">
						<Val Value="1390"/>
					</SetTemplateValue>
					<SetTemplateValue Id="DesiredRPM_MAX">
						<Val Value="2000"/>
					</SetTemplateValue>
					<ForceCamera name="Instruments02"/>
				</Checkpoint>
				<Checkpoint ReferenceId="Savage_Cub_Engine_Gauges_Check">
					<Instrument Id="INSTRUMENT_Needle_Oil_Temperature"/>
					<ForceCamera name="Instruments01"/>
				</Checkpoint>
			</Page>
			<!-- After starting engine 1/2 -->
			<Page SubjectTT="TT:GAME.CHECKLIST_AFTER_STARTING_ENGINE_1">
				<Checkpoint ReferenceId="Brakes_Release_No_Parking_Brake">
					<ForceCamera name="Checklist01"/>
					<Instrument Id="HANDLING_RudderPedals_Brake"/>
				</Checkpoint>
				<Checkpoint ReferenceId="Savage_Cub_CHOKE_OFF_FULLY_PUSHED">
					<ForceCamera name="Instruments01"/>
				</Checkpoint>
				<Checkpoint Id="Avionics_Bus_Switch_On">
					<SetTemplateValue Id="Circuit Avionics">
						<Val Code="(B:ELECTRICAL_Avionics_Bus_1)"/>
					</SetTemplateValue>
					<SetTemplateAction Id="Toggle Avionics Bus" Copilot="True" Condition="TestValueFalse" Once="true" Code="(&gt;B:ELECTRICAL_Avionics_Bus_1_Toggle)"/>
					<Clue name="TT:CLUE.AVIONICS_MASTER_SWITCH_ON"/>
					<CheckpointDesc SubjectTT="TT:GAME.CHECKLIST_AVIONICS_MASTER_SWITCH" ExpectationTT="TT:GAME.CHECKLIST_ON"/>
					<Test>
						<TestValue>
							<Val UseTemplateValue="Circuit Avionics"/>
						</TestValue>
						<Action UseTemplateAction="Toggle Avionics Bus"/>
						<Instrument Id="ELECTRICAL_Switch_Avionics_Master"/> 
					</Test>
					<ForceCamera name="Instruments_01"/>
				</Checkpoint>
			</Page>
		</Step>
		<Step ChecklistStepId="PREFLIGHT_TAXI_OUT">
		</Step>
		<Step ChecklistStepId="FLIGHT_RUNWAY">
		</Step>
		<Step ChecklistStepId="FLIGHT_TAKEOFF">
		</Step>
		<Step ChecklistStepId="FLIGHT_CRUISE">
		</Step>
		<Step ChecklistStepId="FLIGHT_DESCENT">
		</Step>
		<Step ChecklistStepId="LANDING_APPROACH">
		</Step>
		<Step ChecklistStepId="LANDING_TOUCHDOWN">
		</Step>
		<Step ChecklistStepId="LANDING_GROUNDROLL">
		</Step>
		<Step ChecklistStepId="LANDING_TAXI_IN">
		</Step>
		<Step ChecklistStepId="LANDING_GATE">
		</Step>
	</Checklist.Checklist>
</SimBase.Document>
