{
  "content": [
    {
      "path": "SimObjects/Airplanes/CS_B767-400ER_CF6/systems.cfg",
      "size": 24254,
      "date": 132965037406899983
    },
    {
      "path": "SimObjects/Airplanes/CS_B777-200ER_GE90B/systems.cfg",
      "size": 24874,
      "date": 132965035807629592
    },
    {
      "path": "SimObjects/Airplanes/CS_B777-200LR_GE110B1/systems.cfg",
      "size": 24857,
      "date": 132965035807906846
    },
    {
      "path": "SimObjects/Airplanes/CS_B777-300ER_GE115B/systems.cfg",
      "size": 25771,
      "date": 133000126431191454
    },
    {
      "path": "SimObjects/Airplanes/CS_B777F_GE110B1/systems.cfg",
      "size": 25093,
      "date": 132965035808083966
    }
  ]
}