{
  "content": [
    {
      "path": "effects/NL_BA46_BeaconBelly.fx",
      "size": 2395,
      "date": 133193757983404286
    },
    {
      "path": "effects/NL_BA46_BeaconTop.fx",
      "size": 2401,
      "date": 133193757983514303
    },
    {
      "path": "effects/NL_BA46_BeaconTopdown.fx",
      "size": 1264,
      "date": 133193757983567027
    },
    {
      "path": "effects/NL_BA46_LandingLarge\u002B.fx",
      "size": 1313,
      "date": 133260267744080314
    },
    {
      "path": "effects/NL_BA46_LandingLarge.fx",
      "size": 2496,
      "date": 133260267744060314
    },
    {
      "path": "effects/NL_BA46_LogoLightLarge.fx",
      "size": 2493,
      "date": 133193757983882060
    },
    {
      "path": "effects/NL_BA46_NavigationGreen.fx",
      "size": 2397,
      "date": 133256191244550916
    },
    {
      "path": "effects/NL_BA46_NavigationRed.fx",
      "size": 2385,
      "date": 133256191244530924
    },
    {
      "path": "effects/NL_BA46_NavigationWhite.fx",
      "size": 2628,
      "date": 133256191244490929
    },
    {
      "path": "effects/NL_BA46_StrobeSimpleold.fx",
      "size": 3547,
      "date": 133193757984209192
    },
    {
      "path": "effects/NL_BA46_TaxiLarge.fx",
      "size": 2488,
      "date": 133260267744090317
    },
    {
      "path": "effects/NL_BA46_turnoff.fx",
      "size": 2487,
      "date": 133260267744000172
    },
    {
      "path": "effects/NL_BA46_WingLarge.FX",
      "size": 2635,
      "date": 133193757984650234
    },
    {
      "path": "effects/texture/BeaconDown.dds",
      "size": 1048704,
      "date": 133029571896922694
    },
    {
      "path": "effects/texture/BeaconDown.DDS.json",
      "size": 119,
      "date": 132710849880000000
    },
    {
      "path": "effects/texture/LIGHT.dds",
      "size": 1048704,
      "date": 133033189028925542
    },
    {
      "path": "effects/texture/LIGHT.DDS.json",
      "size": 119,
      "date": 133021146506178945
    },
    {
      "path": "effects/texture/LIGHTLanding.dds",
      "size": 1048704,
      "date": 133152396585283573
    },
    {
      "path": "effects/texture/LIGHTLANDING.DDS.json",
      "size": 102,
      "date": 132649836900000000
    },
    {
      "path": "effects/texture/LIGHTtaxy-L.dds",
      "size": 1048704,
      "date": 133152396288768993
    },
    {
      "path": "effects/texture/LIGHTtaxy.dds",
      "size": 1048704,
      "date": 133152396390355237
    },
    {
      "path": "effects/texture/LIGHTTAXY.DDS.json",
      "size": 102,
      "date": 132649836980000000
    },
    {
      "path": "effects/texture/LIGHTWing.dds",
      "size": 1048704,
      "date": 133030717693037940
    },
    {
      "path": "effects/texture/LIGHTWING.DDS.json",
      "size": 119,
      "date": 132939721389441957
    },
    {
      "path": "effects/texture/TX-ALLO.dds",
      "size": 1048704,
      "date": 133121132565052800
    },
    {
      "path": "effects/texture/TX-ALLO.DDS.json",
      "size": 119,
      "date": 132622815780000000
    },
    {
      "path": "effects/texture/TX-STROBE.dds",
      "size": 1048704,
      "date": 133029572251145760
    },
    {
      "path": "effects/texture/TX-STROBE.DDS.json",
      "size": 119,
      "date": 133029956663251605
    },
    {
      "path": "SimObjects/Airplanes/JF_146_100/systems.cfg",
      "size": 16680,
      "date": 133260251086375524
    },
    {
      "path": "SimObjects/Airplanes/JF_146_200/systems.cfg",
      "size": 16684,
      "date": 133260251086570276
    },
    {
      "path": "SimObjects/Airplanes/JF_146_200QC/systems.cfg",
      "size": 17020,
      "date": 133260251086690257
    },
    {
      "path": "SimObjects/Airplanes/JF_146_200QT/systems.cfg",
      "size": 17020,
      "date": 133260251086818958
    },
    {
      "path": "SimObjects/Airplanes/JF_146_300/systems.cfg",
      "size": 16684,
      "date": 133260251086928972
    },
    {
      "path": "SimObjects/Airplanes/JF_146_300QT/systems.cfg",
      "size": 17016,
      "date": 133260251087048944
    },
    {
      "path": "SimObjects/Airplanes/JF_146_RAF_VIP/systems.cfg",
      "size": 16680,
      "date": 133260251087168947
    }
  ]
}